Sample	Strain	Date	DateBP	Country	Province	CountryLat	CountryLon	ProvinceLat	ProvinceLon	Biovar	Branch_Major	Branch_Minor	BioSample	BioSampleComment	Branch_Number
GCA_009909635.1_ASM990963v1_genomic	9_10	1923	-98	Russia	Rostov Oblast	64.6863136	97.7453061	47.6222451	40.7957942	Medievalis	2.MED	2.MED1	SAMN13632815	KEEP: Assembly Modern	2
GCA_009667985.1_ASM966798v1_genomic	42049	1986	-35	China	Xinjiang	35.000074	104.999927	42.4804953	85.4633464	Antiqua	0.ANT	0.ANT1	SAMN07722876	KEEP: Assembly Modern	0
GCA_009296005.1_ASM929600v1_genomic	C-25	1953	-68	Russia	Chechnya	64.6863136	97.7453061	43.397614700000005	45.6985005	Medievalis	2.MED	2.MED1	SAMN12991209	KEEP: Assembly Modern	2
GCA_009363195.1_ASM936319v1_genomic	I-2638	1977	-44	Russia	Tuva Republic	64.6863136	97.7453061	51.401714899999995	93.8582593	Antiqua	4.ANT	4.ANT1	SAMN12991207	KEEP: Assembly Modern	4
GCA_008630455.1_ASM863045v1_genomic	C-826	2011	-10	Russia	Republic of Dagestan	64.6863136	97.7453061	43.0883099	47.149880179442285	Caucasica	0.PE	0.PE2	SAMN12721149	KEEP: Assembly Modern	0
GCA_008630435.1_ASM863043v1_genomic	C-719	1996	-25	Russia	Karachay-Cherkessia	64.6863136	97.7453061	43.7368326	41.7267991	Medievalis	2.MED	2.MED0	SAMN12721146	KEEP: Assembly Modern	2
GCA_008630415.1_ASM863041v1_genomic	C-672	1988	-33	Russia	Republic of Dagestan	64.6863136	97.7453061	43.0883099	47.149880179442285	Caucasica	0.PE	0.PE2	SAMN12720423	KEEP: Assembly Modern	0
GCA_008630395.1_ASM863039v1_genomic	C-528	1984	-37	Russia	Republic of Dagestan	64.6863136	97.7453061	43.0883099	47.149880179442285	Medievalis	2.MED	2.MED1	SAMN12715009	KEEP: Assembly Modern	2
GCA_008630375.1_ASM863037v1_genomic	C-506	1982	-39	Russia	Karachay-Cherkessia	64.6863136	97.7453061	43.7368326	41.7267991	Medievalis	2.MED	2.MED0	SAMN12714485	KEEP: Assembly Modern	2
GCA_008630375.2_ASM863037v2_genomic	C-506	1982	-39	Russia	Karachay-Cherkessia	64.6863136	97.7453061	43.7368326	41.7267991	Medievalis	2.MED	2.MED0	SAMN12714485	KEEP: Assembly Modern	2
GCA_006546745.1_ASM654674v1_genomic	I-3269	1990	-31	Mongolia	Bayan-Ölgii	46.825038799999994	103.8499736	48.5470083	89.8549358	Ulegeica	0.PE	0.PE5	SAMN12138636	KEEP: Assembly Modern	0
GCA_006546725.1_ASM654672v1_genomic	I-3196	1986	-35	Mongolia	Govi-Altai	46.825038799999994	103.8499736	45.3463139	95.9325806	Ulegeica	0.PE	0.PE5	SAMN12138635	KEEP: Assembly Modern	0
GCA_006517425.1_ASM651742v1_genomic	I-3068	1982	-39	Mongolia	Övörkhangai	46.825038799999994	103.8499736	45.8297039	102.7237769	Ulegeica	0.PE	0.PE5	SAMN12131171	KEEP: Assembly Modern	0
GCA_000834775.1_ASM83477v1_genomic	Dodson	1967	-54	United States of America	Arizona	39.7837304	-100.4458825	34.395342	-111.763275	Orientalis	1.ORI	1.ORI1	SAMN03161124	KEEP: Assembly Modern	1
GCA_000734805.1_ASM73480v1_genomic	231	1947	-74	Kyrgyzstan	Naryn Region	41.5089324	74.724091	41.3564711	75.45197267868438	Antiqua	0.ANT	0.ANT3	SAMN02777961	KEEP: Assembly Modern Kutyrev 2018 Keller 2019	0
GCA_000834275.1_ASM83427v1_genomic	Harbin35	1940	-81	China	Heilongjiang	35.000074	104.999927	48.000004700000005	127.99999199999999	Antiqua	2.ANT	2.ANT3	SAMN02769655	KEEP: Assembly Modern	2
GCA_000169615.1_ASM16961v1_genomic	UG05-0454	2004	-17	Uganda	NA	1.5333553999999998	32.2166578	NA	NA	Antiqua	1.ANT	1.ANT1	SAMN02404404	KEEP: Assembly Modern Morelli 2010 Cui 2013 Keller 2019	1
GCA_000169675.1_ASM16967v1_genomic	B42003004	2003	-18	China	Xinjiang	35.000074	104.999927	42.4804953	85.4633464	Antiqua	0.ANT	0.ANT2	SAMN02404401	KEEP: Assembly Modern Morelli 2010 Cui 2013 Keller 2019	0
GCA_000168235.2_ASM16823v2_genomic	IP275	1995	-26	Madagascar	Province de Fianarantsoa	-18.9249604	46.441642200000004	-21.743247	46.6145685	Orientalis	1.ORI	1.ORI3	SAMN02404398	KEEP: Assembly Modern Morelli 2010 Cui 2013 Keller 2019	1
GCA_006376585.1_ASM637658v1_genomic	C-371	1978	-43	Russia	Republic of Dagestan	64.6863136	97.7453061	43.0883099	47.149880179442285	Caucasica	0.PE	0.PE2	SAMN12012142	KEEP: Assembly Modern	0
GCA_006376535.1_ASM637653v1_genomic	C-281	1970	-51	Russia	Ingushetia	64.6863136	97.7453061	43.1655309	44.979682000000004	Medievalis	2.MED	2.MED1	SAMN12012131	KEEP: Assembly Modern	2
GCA_006376545.1_ASM637654v1_genomic	C-273	1969	-52	Armenia	Shirak Province	40.7696272	44.6736646	40.918594	43.8403536	Caucasica	0.PE	0.PE2	SAMN12012010	KEEP: Assembly Modern	0
GCA_006376505.1_ASM637650v1_genomic	C-232	1968	-53	Azerbaijan	Shahbuz Rayon	40.3936294	47.787250799999995	39.43858165	45.60713327015354	Caucasica	0.PE	0.PE2	SAMN12011946	KEEP: Assembly Modern	0
GCA_006376495.1_ASM637649v1_genomic	C-231	1968	-53	Azerbaijan	Goranboy District	40.3936294	47.787250799999995	40.6065534	46.70500981655712	Medievalis	2.MED	2.MED1	SAMN12011930	KEEP: Assembly Modern	2
GCA_006376435.1_ASM637643v1_genomic	C-62	1959	-62	Azerbaijan	Shamkir District	40.3936294	47.787250799999995	40.86764505	46.01391106445903	Medievalis	2.MED	2.MED1	SAMN12011893	KEEP: Assembly Modern	2
GCA_006376415.1_ASM637641v1_genomic	C-11	1950	-71	Russia	Stavropol Krai	64.6863136	97.7453061	44.863257700000005	43.4406913	Medievalis	2.MED	2.MED1	SAMN12011892	KEEP: Assembly Modern	2
GCA_001617725.1_Yersinia_pestis_M-1484_genomic	M-1484	1992	-29	Russia	Astrakhan Oblast	64.6863136	97.7453061	47.1878186	47.608851	Medievalis	2.MED	2.MED1	SAMN04376037	KEEP: Assembly Modern Kutyrev 2018 Keller 2019	2
GCA_001617705.1_Yersinia_pestis_C-791_genomic	C-791	2003	-18	Russia	Republic of Dagestan	64.6863136	97.7453061	43.0883099	47.149880179442285	Medievalis	2.MED	2.MED1	SAMN04376023	KEEP: Assembly Modern Kutyrev 2018 Keller 2019	2
GCA_000834495.1_ASM83449v1_genomic	El Dorado	2002	-19	United States of America	New Mexico	39.7837304	-100.4458825	34.5708167	-105.993007	Orientalis	1.ORI	1.ORI1	SAMN03145064	KEEP: Assembly Modern	1
GCA_000986995.1_YPES001-SEQ-2-ASM-1_genomic	ZE94-2122	1994	-27	Zimbabwe	Midlands	-18.4554963	29.746841399999997	-19.2785043	29.879085200000002	Orientalis	1.ORI	1.ORI1	SAMN02999506	KEEP: Assembly Modern	1
GCA_003797205.1_ASM379720v1_genomic	FDAARGOS_605	1969	-52	Bolivia	La Paz	-17.056869600000002	-64.9912286	-16.4955455	-68.1336229	Orientalis	1.ORI	1.ORI1	SAMN10228585	KEEP: Assembly Modern	1
GCA_003798085.1_ASM379808v1_genomic	FDAARGOS_604	1957	-64	Indonesia	Central Java	-2.4833826	117.89028529999999	-5.6259648	110.37164897312937	Orientalis	1.ORI	1.ORI1	SAMN10228584	KEEP: Assembly Modern	1
GCA_900460465.1_57940_B01_genomic	NCTC5923	1939	-82	Indonesia	Central Java	-2.4833826	117.89028529999999	-5.6259648	110.37164897312937	Orientalis	1.ORI	1.ORI1	SAMEA104281628	KEEP: Assembly Modern	1
GCA_001487065.1_Yersinia_pestis_genomic	Algeria3	[2000:2016]	[-21:-5]	Algeria	MSila	28.000027199999998	2.9999825	35.1300205	4.200310671358427	Orientalis	1.ORI	1.ORI1	SAMEA3673143	KEEP: Assembly Modern Correct biovar (1.ORI) according to publication	1
GCA_002188835.1_ASM218883v1_genomic	SCPM-O-DNA-14	1983	-38	NA	NA	NA	NA	NA	NA	Antiqua	2.ANT	2.ANT3	SAMN05521439	KEEP: Assembly Modern No Location	2
GCA_002188855.1_ASM218885v1_genomic	SCPM-O-DNA-13	1971	-50	NA	NA	NA	NA	NA	NA	Antiqua	3.ANT	3.ANT2	SAMN05521438	KEEP: Assembly Modern No Location	3
GCA_002188845.1_ASM218884v1_genomic	SCPM-O-DNA-12	1982	-39	NA	NA	NA	NA	NA	NA	Microtus	0.PE	0.PE4m	SAMN05521437	KEEP: Assembly Modern No Location	0
GCA_002188815.1_ASM218881v1_genomic	SCPM-O-DNA-11	1984	-37	NA	NA	NA	NA	NA	NA	Microtus	0.PE	0.PE4m	SAMN05521436	KEEP: Assembly Modern No Location	0
GCA_002188755.1_ASM218875v1_genomic	SCPM-O-DNA-10	1977	-44	NA	NA	NA	NA	NA	NA	Altaica	0.PE	0.PE4a	SAMN05521435	KEEP: Assembly Modern No Location	0
GCA_002188775.1_ASM218877v1_genomic	I-3519	2007	-14	Russia	Altai Republic	64.6863136	97.7453061	50.7114101	86.8572186	Altaica	0.PE	0.PE4a	SAMN05521434	KEEP: Assembly Modern Kislichkina 2018a Keller 2019	0
GCA_002188725.1_ASM218872v1_genomic	I-3518	2007	-14	Russia	Altai Republic	64.6863136	97.7453061	50.7114101	86.8572186	Altaica	0.PE	0.PE4a	SAMN05521433	KEEP: Assembly Modern Kislichkina 2018a Keller 2019	0
GCA_002188765.1_ASM218876v1_genomic	I-3517	2007	-14	Russia	Altai Republic	64.6863136	97.7453061	50.7114101	86.8572186	Altaica	0.PE	0.PE4a	SAMN05521432	KEEP: Assembly Modern Kislichkina 2018a Keller 2019	0
GCA_002188685.1_ASM218868v1_genomic	I-3516	2007	-14	Russia	Altai Republic	64.6863136	97.7453061	50.7114101	86.8572186	Altaica	0.PE	0.PE4a	SAMN05521431	KEEP: Assembly Modern Kislichkina 2018a Keller 2019	0
GCA_002173795.1_ASM217379v1_genomic	I-3515	2007	-14	Russia	Altai Republic	64.6863136	97.7453061	50.7114101	86.8572186	Altaica	0.PE	0.PE4a	SAMN05521430	KEEP: Assembly Modern Kislichkina 2018a Keller 2019	0
GCA_001972475.1_ASM197247v1_genomic	I-3447	2001	-20	Russia	Altai Republic	64.6863136	97.7453061	50.7114101	86.8572186	Altaica	0.PE	0.PE4a	SAMN05521429	KEEP: Assembly Modern Kislichkina 2018a Keller 2019	0
GCA_002173805.1_ASM217380v1_genomic	I-3446	2001	-20	Russia	Altai Republic	64.6863136	97.7453061	50.7114101	86.8572186	Altaica	0.PE	0.PE4a	SAMN05521428	KEEP: Assembly Modern Kislichkina 2018a Keller 2019	0
GCA_001972515.1_ASM197251v1_genomic	I-3443	2001	-20	Russia	Altai Republic	64.6863136	97.7453061	50.7114101	86.8572186	Altaica	0.PE	0.PE4a	SAMN05521427	KEEP: Assembly Modern Kislichkina 2018a Keller 2019	0
GCA_002173815.1_ASM217381v1_genomic	I-3442	2001	-20	Russia	Altai Republic	64.6863136	97.7453061	50.7114101	86.8572186	Altaica	0.PE	0.PE4a	SAMN05521426	KEEP: Assembly Modern Kislichkina 2018a Keller 2019	0
GCA_001972505.1_ASM197250v1_genomic	SCPM-O-B-4664	1980	-41	NA	NA	NA	NA	NA	NA	Talassica	0.PE	0.PE4t	SAMN05521425	KEEP: Assembly Modern No Location	0
GCA_001972415.1_ASM197241v1_genomic	SCPM-O-B-6983	1969	-52	NA	NA	NA	NA	NA	NA	Caucasica	0.PE	0.PE2	SAMN05521424	KEEP: Assembly Modern No Location	0
GCA_001972405.1_ASM197240v1_genomic	C-700	1995	-26	Russia	Republic of Dagestan	64.6863136	97.7453061	43.0883099	47.149880179442285	Caucasica	0.PE	0.PE2	SAMN05521423	KEEP: Assembly Modern Kislichkina 2017 Keller 2019	0
GCA_001972385.1_ASM197238v1_genomic	C-678	1988	-33	Russia	Republic of Dagestan	64.6863136	97.7453061	43.0883099	47.149880179442285	Caucasica	0.PE	0.PE2	SAMN05521422	KEEP: Assembly Modern Kislichkina 2017 Keller 2019	0
GCA_001972395.1_ASM197239v1_genomic	C-535	1984	-37	Russia	Republic of Dagestan	64.6863136	97.7453061	43.0883099	47.149880179442285	Caucasica	0.PE	0.PE2	SAMN05521421	KEEP: Assembly Modern Kislichkina 2017 Keller 2019	0
GCA_001972465.1_ASM197246v1_genomic	C-370	1978	-43	Russia	Republic of Dagestan	64.6863136	97.7453061	43.0883099	47.149880179442285	Caucasica	0.PE	0.PE2	SAMN05521420	KEEP: Assembly Modern Kislichkina 2017 Keller 2019	0
GCA_002127355.1_ASM212735v1_genomic	C-712	1996	-25	Russia	Republic of Dagestan	64.6863136	97.7453061	43.0883099	47.149880179442285	Caucasica	0.PE	0.PE2	SAMN04993042	KEEP: Assembly Modern Kislichkina 2017 Keller 2019	0
GCA_002127375.1_ASM212737v1_genomic	C-739	1998	-23	Russia	Republic of Dagestan	64.6863136	97.7453061	43.0883099	47.149880179442285	Caucasica	0.PE	0.PE2	SAMN04992974	KEEP: Assembly Modern Kislichkina 2017 Keller 2019	0
GCA_002165475.1_ASM216547v1_genomic	C-824	2010	-11	Russia	Republic of Dagestan	64.6863136	97.7453061	43.0883099	47.149880179442285	Caucasica	0.PE	0.PE2	SAMN04992971	KEEP: Assembly Modern Kislichkina 2017 Keller 2019	0
GCA_002127365.1_ASM212736v1_genomic	C-746	1997	-24	Russia	Republic of Dagestan	64.6863136	97.7453061	43.0883099	47.149880179442285	Caucasica	0.PE	0.PE2	SAMN04992968	KEEP: Assembly Modern Kislichkina 2017 Keller 2019	0
GCA_001295055.1_ASM129505v1_genomic	C-666	1989	-32	Azerbaijan	Goranboy District	40.3936294	47.787250799999995	40.6065534	46.70500981655712	Caucasica	0.PE	0.PE2	SAMN03861513	KEEP: Assembly Modern Kislichkina 2015 Keller 2019	0
GCA_001294915.1_ASM129491v1_genomic	C-346	1976	-45	Armenia	Shirak Province	40.7696272	44.6736646	40.918594	43.8403536	Caucasica	0.PE	0.PE2	SAMN03861512	KEEP: Assembly Modern Kislichkina 2015 Keller 2019	0
GCA_001295065.1_ASM129506v1_genomic	C-267	1969	-52	Azerbaijan	Goranboy District	40.3936294	47.787250799999995	40.6065534	46.70500981655712	Caucasica	0.PE	0.PE2	SAMN03861484	KEEP: Assembly Modern Kislichkina 2015 Keller 2019	0
GCA_001295185.1_ASM129518v1_genomic	C-197	1967	-54	Azerbaijan	Goranboy District	40.3936294	47.787250799999995	40.6065534	46.70500981655712	Caucasica	0.PE	0.PE2	SAMN03861482	KEEP: Assembly Modern Kislichkina 2015 Keller 2019	0
GCA_001294975.1_ASM129497v1_genomic	A-1804	1980	-41	Kyrgyzstan	Talas Region	41.5089324	74.724091	42.4451869	72.14310491939636	Talassica	0.PE	0.PE4t	SAMN03861481	KEEP: Assembly Modern Kislichkina 2015 Keller 2019	0
GCA_001295045.1_ASM129504v1_genomic	C-290	1971	-50	Armenia	Shirak Province	40.7696272	44.6736646	40.918594	43.8403536	Caucasica	0.PE	0.PE2	SAMN03839880	KEEP: Assembly Modern Kislichkina 2015 Keller 2019	0
GCA_001295145.1_ASM129514v1_genomic	A-1807	1980	-41	Kyrgyzstan	Talas Region	41.5089324	74.724091	42.4451869	72.14310491939636	Talassica	0.PE	0.PE4t	SAMN03839879	KEEP: Assembly Modern Kislichkina 2015 Keller 2019	0
GCA_001294805.1_ASM129480v1_genomic	I-3134	1984	-37	Mongolia	Bayankhongor	46.825038799999994	103.8499736	46.18084675	100.67009765478292	Microtus	0.PE	0.PE4m	SAMN03839877	KEEP: Assembly Modern Kislichkina 2015 Keller 2019	0
GCA_001294815.1_ASM129481v1_genomic	C-590	1983	-38	Armenia	Shirak Province	40.7696272	44.6736646	40.918594	43.8403536	Caucasica	0.PE	0.PE2	SAMN03839876	KEEP: Assembly Modern Kislichkina 2015 Keller 2019	0
GCA_001294825.1_ASM129482v1_genomic	C-537	1984	-37	Russia	Republic of Dagestan	64.6863136	97.7453061	43.0883099	47.149880179442285	Caucasica	0.PE	0.PE2	SAMN03839871	KEEP: Assembly Modern Kislichkina 2015 Keller 2019	0
GCA_000950945.1_ASM95094v1_genomic	I-3189	1986	-35	Mongolia	Omnogovi	46.825038799999994	103.8499736	49.10457325	91.56421013087612	Ulegeica	0.PE	0.PE5	SAMN03256423	KEEP: Assembly Modern Kislichkina 2015 Keller 2019	0
GCA_003122795.1_Y.pestis_I-2422_genomic	I-2422	1974	-47	Mongolia	Bayan-Ölgii	46.825038799999994	103.8499736	48.5470083	89.8549358	Ulegeica	0.PE	0.PE5	SAMN08866751	KEEP: Assembly Modern Kislichkina 2015 Kutyrev 2018 Keller 2019	0
GCA_002981925.1_ASM298192v1_genomic	I-2236	1972	-49	Mongolia	Bayan-Ölgii	46.825038799999994	103.8499736	48.5470083	89.8549358	Ulegeica	0.PE	0.PE5	SAMN08625967	KEEP: Assembly Modern Kislichkina 2018b Keller 2019	0
GCA_002981915.1_ASM298191v1_genomic	I-3190	1986	-35	Mongolia	Ömnögovi	46.825038799999994	103.8499736	43.282363000000004	104.11338640000001	Ulegeica	0.PE	0.PE5	SAMN08625966	KEEP: Assembly Modern Kislichkina 2018b Keller 2019	0
GCA_003074535.1_ASM307453v1_genomic	5M	1952	-69	Kyrgyzstan	Issyk-Kul Region	41.5089324	74.724091	42.06103415	78.17073232346421	Antiqua	0.ANT	0.ANT5	SAMN08866745	KEEP: Assembly Modern Kutyrev 2018 Keller 2019	0
GCA_003074595.1_ASM307459v1_genomic	262	1967	-54	Kyrgyzstan	Issyk-Kul Region	41.5089324	74.724091	42.06103415	78.17073232346421	Antiqua	0.ANT	0.ANT5	SAMN08866640	KEEP: Assembly Modern Kutyrev 2018 Keller 2019	0
GCA_003074335.1_ASM307433v1_genomic	44	1966	-55	Azerbaijan	Goranboy District	40.3936294	47.787250799999995	40.6065534	46.70500981655712	Medievalis	2.MED	2.MED1	SAMN05225380	KEEP: Assembly Modern Kutyrev 2018 Keller 2019	2
GCA_003074175.1_ASM307417v1_genomic	I-3086	1983	-38	Mongolia	Bayankhongor	46.825038799999994	103.8499736	46.18084675	100.67009765478292	Microtus	0.PE	0.PE4m	SAMN05219216	KEEP: Assembly Modern Kutyrev 2018 Keller 2019	0
GCA_003074415.1_ASM307441v1_genomic	3551	1979	-42	Armenia	Gegharkunik Province	40.7696272	44.6736646	40.3030726	45.375739	Caucasica	0.PE	0.PE2	SAMN05225437	KEEP: Assembly Modern Kutyrev 2018 Keller 2019	0
GCA_003074315.1_ASM307431v1_genomic	I-3223	1987	-34	Russia	Tuva Republic	64.6863136	97.7453061	51.401714899999995	93.8582593	Antiqua	4.ANT	4.ANT1	SAMN05225379	KEEP: Assembly Modern Kutyrev 2018 Keller 2019	4
GCA_003074275.1_ASM307427v1_genomic	C-627	1986	-35	Russia	Kabardino-Balkaria	64.6863136	97.7453061	43.442828600000006	43.4204809	Medievalis	2.MED	2.MED0	SAMN05225373	KEEP: Assembly Modern Kutyrev 2018 Keller 2019	2
GCA_003074235.1_ASM307423v1_genomic	I-3244	1988	-33	Mongolia	Bayan-Ölgii	46.825038799999994	103.8499736	48.5470083	89.8549358	Antiqua	4.ANT	4.ANT1	SAMN05225370	KEEP: Assembly Modern	4
GCA_002412255.1_Y.pestis_A-1836_genomic	A-1836	1983	-38	Kyrgyzstan	Issyk-Kul Region	41.5089324	74.724091	42.06103415	78.17073232346421	Antiqua	0.ANT	0.ANT5	SAMN05162891	KEEP: Assembly Modern Eroshenko 2017 Keller 2019	0
GCA_003086015.1_ASM308601v1_genomic	M-1944	2012	-9	Russia	Tuva Republic	64.6863136	97.7453061	51.401714899999995	93.8582593	Antiqua	4.ANT	4.ANT1	SAMN05162583	KEEP: Assembly Modern Kutyrev 2018 Keller 2019	4
GCA_003086055.1_ASM308605v1_genomic	595	2014	-7	Russia	Astrakhan Oblast	64.6863136	97.7453061	47.1878186	47.608851	Medievalis	2.MED	2.MED1	SAMN05162559	KEEP: Assembly Modern Kutyrev 2018 Keller 2019	2
GCA_003085955.1_ASM308595v1_genomic	1313	2014	-7	Russia	Altai Republic	64.6863136	97.7453061	50.7114101	86.8572186	Altaica	0.PE	0.PE4a	SAMN05150105	KEEP: Assembly Modern Kutyrev 2018 Keller 2019	0
GCA_002412245.1_Y.pestis_A-1691_genomic	A-1691	1971	-50	Kyrgyzstan	Issyk-Kul Region	41.5089324	74.724091	42.06103415	78.17073232346421	Antiqua	0.ANT	0.ANT5	SAMN05150065	KEEP: Assembly Modern Eroshenko 2017 Keller 2019	0
GCA_002412225.1_Y.pestis_A-1486_genomic	A-1486	1966	-55	Kyrgyzstan	Osh Region	41.5089324	74.724091	40.1537925	73.35273504013053	Antiqua	0.ANT	0.ANT3	SAMN05149973	KEEP: Assembly Modern Eroshenko 2017 Keller 2019	0
GCA_003085875.1_ASM308587v1_genomic	M-986	1975	-46	Armenia	Syunik Province	40.7696272	44.6736646	39.3281408	46.1530296	Caucasica	0.PE	0.PE2	SAMN05149970	KEEP: Assembly Modern Kutyrev 2018 Keller 2019	0
GCA_002412235.1_Y.pestis_A-1249_genomic	A-1249	1970	-51	Tajikistan	Sughd Province	38.62817329999999	70.8156541	39.354860200000005	68.8268012	Hissarica	0.PE	0.PE4h	SAMN05149969	KEEP: Assembly Modern Eroshenko 2017 Keller 2019	0
GCA_003085915.1_ASM308591v1_genomic	517	2014	-7	Russia	Altai Republic	64.6863136	97.7453061	50.7114101	86.8572186	Antiqua	4.ANT	4.ANT1	SAMN05017795	KEEP: Assembly Modern Kutyrev 2018 Keller 2019	4
GCA_002412305.1_Y.pestis_A-1809_genomic	A-1809	1980	-41	Kyrgyzstan	Talas Region	41.5089324	74.724091	42.4451869	72.14310491939636	Medievalis	2.MED	2.MED1	SAMN05017696	KEEP: Assembly Modern Eroshenko 2017 Keller 2019	2
GCA_003086115.1_ASM308611v1_genomic	A-1920	1988	-33	Kazakhstan	Almaty Region	47.2286086	65.20931970000001	45.2351691	77.27418709999999	Medievalis	2.MED	2.MED1	SAMN05017652	KEEP: Assembly Modern Kutyrev 2018 Keller 2019	2
GCA_003086075.1_ASM308607v1_genomic	A-1825	1983	-38	Uzbekistan	Navoiy Region	41.32373	63.9528098	42.0	64.0	Medievalis	2.MED	2.MED1	SAMN05017610	KEEP: Assembly Modern Kutyrev 2018 Keller 2019	2
GCA_003086035.1_ASM308603v1_genomic	2751-55	2012	-9	Russia	Altai Republic	64.6863136	97.7453061	50.7114101	86.8572186	Altaica	0.PE	0.PE4a	SAMN05017606	KEEP: Assembly Modern Kutyrev 2018 Keller 2019	0
GCA_001693595.1_ASM169359v1_genomic	Cadman	2016	-5	United States of America	New Mexico	39.7837304	-100.4458825	34.5708167	-105.993007	Orientalis	1.ORI	1.ORI1	SAMN05282282	KEEP: Assembly Modern	1
GCA_000835005.1_ASM83500v1_genomic	Nairobi	1985	-36	Kenya	Nairobi	1.4419683	38.431397499999996	-1.30316895	36.826061224105075	Antiqua	1.ANT	1.ANT1	SAMN03256395	KEEP: Assembly Modern	1
GCA_000834985.1_ASM83498v1_genomic	Pestoides G	[1950:1984]	[-71:-37]	NA	NA	NA	NA	NA	NA	Caucasica	0.PE	0.PE2	SAMN03202985	KEEP: Assembly Modern No Location	0
GCA_001559935.1_ASM155993v1_genomic	KM918	1989	-32	Russia	Kabardino-Balkaria	64.6863136	97.7453061	43.442828600000006	43.4204809	Medievalis	2.MED	2.MED1	SAMN04331740	KEEP: Assembly Modern Kutyrev 2018 Keller 2019	2
GCA_001509855.1_ASM150985v1_genomic	Yp2126	2011	-10	United States of America	Arizona	39.7837304	-100.4458825	34.395342	-111.763275	Orientalis	1.ORI	1.ORI1	SAMN04012736	KEEP: Assembly Modern	1
GCA_001509865.1_ASM150986v1_genomic	Yp1945	2009	-12	United States of America	Texas	39.7837304	-100.4458825	31.8160381	-99.51209859999999	Orientalis	1.ORI	1.ORI1	SAMN04012733	KEEP: Assembly Modern	1
GCA_001617805.1_Yersinia_pestis_173_genomic	173	1978	-43	Kazakhstan	Mangystau Province	47.2286086	65.20931970000001	43.3338178	52.85319112908714	Medievalis	2.MED	2.MED1	SAMN04376919	KEEP: Assembly Modern Kutyrev 2018 Keller 2019	2
GCA_001617785.1_Yersinia_pestis_M-549_genomic	M-549	1977	-44	Turkmenistan	Balkan	39.376380700000006	59.392460899999996	39.9353714	54.91200550000001	Medievalis	2.MED	2.MED1	SAMN04376917	KEEP: Assembly Modern Kutyrev 2018 Keller 2019	2
GCA_001617715.1_Yersinia_pestis_M-519_genomic	M-519	1967	-54	Turkmenistan	Balkan	39.376380700000006	59.392460899999996	39.9353714	54.91200550000001	Medievalis	2.MED	2.MED1	SAMN04376048	KEEP: Assembly Modern Kutyrev 2018 Keller 2019	2
GCA_001617735.1_Yersinia_pestis_M-1763_genomic	M-1763	2002	-19	Russia	Astrakhan Oblast	64.6863136	97.7453061	47.1878186	47.608851	Medievalis	2.MED	2.MED1	SAMN04376042	KEEP: Assembly Modern Kutyrev 2018 Keller 2019	2
GCA_001613865.1_ASM161386v1_genomic	1116-D	1971	-50	Russia	Ingushetia	64.6863136	97.7453061	43.1655309	44.979682000000004	Medievalis	2.MED	2.MED1	SAMN04364301	KEEP: Assembly Modern Kutyrev 2018 Keller 2019	2
GCA_001601735.1_ASM160173v1_genomic	A-1815	1980	-41	Kyrgyzstan	Talas Region	41.5089324	74.724091	42.4451869	72.14310491939636	Talassica	0.PE	0.PE4t	SAMN04337145	KEEP: Assembly Modern Eroshenko 2017 Keller 2019	0
GCA_001601675.1_ASM160167v1_genomic	C-741	1999	-22	Russia	Republic of Dagestan	64.6863136	97.7453061	43.0883099	47.149880179442285	Caucasica	0.PE	0.PE2	SAMN04336076	KEEP: Assembly Modern Kutyrev 2018 Keller 2019	0
GCA_000834925.1_ASM83492v1_genomic	Pestoides B	[1950:1984]	[-71:-37]	NA	NA	NA	NA	NA	NA	Altaica	0.PE	0.PE4a	SAMN03218157	KEEP: Assembly Modern No Location	0
GCA_000834315.1_ASM83431v1_genomic	Pestoides F	[1950:1984]	[-71:-37]	NA	NA	NA	NA	NA	NA	Caucasica	0.PE	0.PE2	SAMN03121016	KEEP: Assembly Modern No Location Morelli 2010 Cui 2013 Keller 2019	0
GCA_001188795.1_ASM118879v1_genomic	3067	[1966:1997]	[-55:-24]	Georgia	Samtskhe-Javakheti	41.6809707	44.02873820000001	41.52653525	43.2469570403887	Caucasica	0.PE	0.PE2	SAMN03943655	KEEP: Assembly Modern Zhgenti 2015 Keller 2019	0
GCA_001188755.1_ASM118875v1_genomic	8787	1992	-29	Georgia	Samtskhe-Javakheti	41.6809707	44.02873820000001	41.52653525	43.2469570403887	Caucasica	0.PE	0.PE2	SAMN03943569	KEEP: Assembly Modern Zhgenti 2015 Keller 2019	0
GCA_001188815.1_ASM118881v1_genomic	2944	1975	-46	Russia	Kabardino-Balkaria	64.6863136	97.7453061	43.442828600000006	43.4204809	Medievalis	2.MED	2.MED1	SAMN03941711	KEEP: Assembly Modern Zhgenti 2015 Keller 2019	2
GCA_001188935.1_ASM118893v1_genomic	1413	[1966:1997]	[-55:-24]	Georgia	Samtskhe-Javakheti	41.6809707	44.02873820000001	41.52653525	43.2469570403887	Caucasica	0.PE	0.PE2	SAMN03783058	KEEP: Assembly Modern Zhgenti 2015 Keller 2019	0
GCA_001188715.1_ASM118871v1_genomic	1522	[1961:1976]	[-60:-45]	Armenia	Shirak Province	40.7696272	44.6736646	40.918594	43.8403536	Caucasica	0.PE	0.PE2	SAMN03783057	KEEP: Assembly Modern Zhgenti 2015 Keller 2019	0
GCA_000022805.1_ASM2280v1_genomic	D106004	2006	-15	China	Yunnan	35.000074	104.999927	25.0	102.0	Antiqua	1.IN	1.IN3	SAMN02603871	KEEP: Assembly Modern	1
GCA_000007885.1_ASM788v1_genomic	91001	1970	-51	China	Inner Mongolia	35.000074	104.999927	43.2443242	114.32516640000001	Microtus	0.PE	0.PE4m	SAMN02602970	KEEP: Assembly Modern Morelli 2010 Cui 2013 Keller 2019	0
GCA_000475155.2_YP24H_v2_genomic	24H	1998	-23	India	Tamil Nadu	22.3511148	78.6677428	10.909433400000001	78.3665347	Orientalis	1.ORI	1.ORI1	SAMN02470618	KEEP: Assembly Modern	1
GCA_000475115.2_YP113_v2_genomic	113	1994	-27	India	Gujarat	22.3511148	78.6677428	22.3850008	71.74526329999999	Orientalis	1.ORI	1.ORI3	SAMN02470617	KEEP: Assembly Modern	1
GCA_000475095.2_YP009_v2_genomic	9	1994	-27	India	Gujarat	22.3511148	78.6677428	22.3850008	71.74526329999999	Orientalis	1.ORI	1.ORI3	SAMN02470616	KEEP: Assembly Modern	1
GCA_000475135.2_YPS03_v2_genomic	S3	2002	-19	India	Himachal Pradesh	22.3511148	78.6677428	31.81676015	77.34932051968858	Antiqua	2.ANT	2.ANT1	SAMN02470613	KEEP: Assembly Modern	2
GCA_000182705.1_ASM18270v1_genomic	KIM D27	[1968:1998]	[-53:-23]	Iran	Kurdistan	32.6475314	54.56435160000001	35.672803	47.0124376	Medievalis	2.MED	2.MED1	SAMN02404405	KEEP: Assembly Modern	2
GCA_000269245.1_ASM26924v1_genomic	PY-113	2010	-11	Peru	La Libertad	-6.8699697	-75.0458515	-8.0	-78.5	Orientalis	1.ORI	1.ORI1	SAMN02141506	KEEP: Assembly Modern	1
GCA_000269465.1_ASM26946v1_genomic	PY-101	2010	-11	Peru	La Libertad	-6.8699697	-75.0458515	-8.0	-78.5	Orientalis	1.ORI	1.ORI1	SAMN02141503	KEEP: Assembly Modern	1
GCA_000269165.1_ASM26916v1_genomic	PY-98	2010	-11	Peru	La Libertad	-6.8699697	-75.0458515	-8.0	-78.5	Orientalis	1.ORI	1.ORI1	SAMN02141500	KEEP: Assembly Modern	1
GCA_000268505.1_ASM26850v1_genomic	PY-16	2009	-12	Peru	La Libertad	-6.8699697	-75.0458515	-8.0	-78.5	Orientalis	1.ORI	1.ORI1	SAMN02141463	KEEP: Assembly Modern	1
GCA_000268645.1_ASM26864v1_genomic	PY-15	2009	-12	Peru	La Libertad	-6.8699697	-75.0458515	-8.0	-78.5	Orientalis	1.ORI	1.ORI1	SAMN02141462	KEEP: Assembly Modern	1
GCA_000268465.1_ASM26846v1_genomic	PY-13	2008	-13	Peru	Cajamarca	-6.8699697	-75.0458515	-6.25	-78.833333	Orientalis	1.ORI	1.ORI1	SAMN02141460	KEEP: Assembly Modern	1
GCA_000268405.1_ASM26840v1_genomic	PY-08	2006	-15	Peru	Cajamarca	-6.8699697	-75.0458515	-6.25	-78.833333	Orientalis	1.ORI	1.ORI1	SAMN02141455	KEEP: Assembly Modern	1
GCA_001188675.1_ASM118867v1_genomic	790	[1961:1976]	[-60:-45]	Kyrgyzstan	NA	41.5089324	74.724091	NA	NA	Antiqua	0.ANT	0.ANT3	SAMN02769799	KEEP: Assembly Modern Zgenti 2015 Keller 2019	0
GCA_000255815.1_ASM25581v1_genomic	BA200901990	2009	-12	United States of America	New Mexico	39.7837304	-100.4458825	34.5708167	-105.993007	Orientalis	1.ORI	1.ORI1	SAMN01831185	KEEP: Assembly Modern	1
GCA_000182485.1_ASM18248v1_genomic	Nepal516	1967	-54	Nepal	Gandaki Pradesh	28.108392900000002	84.0917139	28.3840962	84.03632755245305	Antiqua	2.ANT	2.ANT1	SAMN02403941	KEEP: Assembly Modern Morelli 2010 Cui 2013 Keller 2019	2
GCA_000325405.1_ASM32540v1_genomic	YN2179	1995	-26	Myanmar	NA	17.1750495	95.9999652	NA	NA	Orientalis	1.ORI	1.ORI2	SAMN02403104	KEEP: Assembly Modern Cui 2013 Keller 2019	1
GCA_000325305.1_ASM32530v1_genomic	MGJZ9	1998	-23	Mongolia	Govi-Altai	46.825038799999994	103.8499736	45.3463139	95.9325806	Antiqua	3.ANT	3.ANT2	SAMN02403099	KEEP: Assembly Modern Cui 2013 Keller 2019	3
GCA_000325245.1_ASM32524v1_genomic	MGJZ3	1980	-41	Mongolia	Govi-Altai	46.825038799999994	103.8499736	45.3463139	95.9325806	Antiqua	3.ANT	3.ANT2	SAMN02403096	KEEP: Assembly Modern Cui 2013 Keller 2019	3
GCA_000325225.1_ASM32522v1_genomic	MGJZ12	2002	-19	Mongolia	Bayan-Ölgii	46.825038799999994	103.8499736	48.5470083	89.8549358	Antiqua	4.ANT	4.ANT1	SAMN02403095	KEEP: Assembly Modern Cui 2013 Keller 2019	4
GCA_000325185.1_ASM32518v1_genomic	M0000002	2001	-20	China	Qinghai	35.000074	104.999927	35.40709525	95.95211573241954	Microtus	0.PE	0.PE4m	SAMN02403093	KEEP: Assembly Modern Cui 2013 Keller 2019	0
GCA_000325165.1_ASM32516v1_genomic	K21985002	1985	-36	China	Xinjiang	35.000074	104.999927	42.4804953	85.4633464	Antiqua	1.IN	1.IN1	SAMN02403092	KEEP: Assembly Modern Cui 2013 Keller 2019	1
GCA_000325085.1_ASM32508v1_genomic	I2001001	2001	-20	China	Shaanxi	35.000074	104.999927	36.0	109.0	Medievalis	2.MED	2.MED3	SAMN02403088	KEEP: Assembly Modern Cui 2013 Keller 2019	2
GCA_000325025.1_ASM32502v1_genomic	I1970005	1970	-51	China	Inner Mongolia	35.000074	104.999927	43.2443242	114.32516640000001	Medievalis	2.MED	2.MED3	SAMN02403085	KEEP: Assembly Modern Cui 2013 Keller 2019	2
GCA_000324965.1_ASM32496v1_genomic	H1959004	1959	-62	China	Jilin	35.000074	104.999927	42.9995032	125.9816054	Antiqua	2.ANT	2.ANT3	SAMN02403082	KEEP: Assembly Modern Cui 2013 Keller 2019	2
GCA_000324945.1_ASM32494v1_genomic	H1958004	1958	-63	China	Jilin	35.000074	104.999927	42.9995032	125.9816054	Medievalis	2.MED	2.MED3	SAMN02403081	KEEP: Assembly Modern Cui 2013	2
GCA_000324685.1_ASM32468v1_genomic	D1964001	1964	-57	China	Qinghai	35.000074	104.999927	35.40709525	95.95211573241954	Antiqua	1.IN	1.IN2	SAMN02403069	KEEP: Assembly Modern Cui 2013 Keller 2019	1
GCA_000324585.1_ASM32458v1_genomic	CMCC96007	1989	-32	China	Inner Mongolia	35.000074	104.999927	43.2443242	114.32516640000001	Antiqua	2.ANT	2.ANT3	SAMN02403064	KEEP: Assembly Modern Cui 2013 Keller 2019	2
GCA_000324525.1_ASM32452v1_genomic	CMCC93014	1970	-51	China	Inner Mongolia	35.000074	104.999927	43.2443242	114.32516640000001	Microtus	0.PE	0.PE4m	SAMN02403061	KEEP: Assembly Modern Cui 2013 Keller 2019	0
GCA_000324505.1_ASM32450v1_genomic	CMCC92010	1971	-50	China	Inner Mongolia	35.000074	104.999927	43.2443242	114.32516640000001	Antiqua	2.ANT	2.ANT3	SAMN02403060	KEEP: Assembly Modern Cui 2013 Keller 2019	2
GCA_000324465.1_ASM32446v1_genomic	CMCC91090	1970	-51	China	Inner Mongolia	35.000074	104.999927	43.2443242	114.32516640000001	Microtus	0.PE	0.PE4m	SAMN02403058	KEEP: Assembly Modern Cui 2013 Keller 2019	0
GCA_000324365.1_ASM32436v1_genomic	CMCC84033	1979	-42	China	Yunnan	35.000074	104.999927	25.0	102.0	Antiqua	1.IN	1.IN3	SAMN02403053	KEEP: Assembly Modern Cui 2013 Keller 2019	1
GCA_000324325.1_ASM32432v1_genomic	CMCC71001	1961	-60	China	Gansu	35.000074	104.999927	38.0000001	101.9999999	Antiqua	3.ANT	3.ANT1	SAMN02403051	KEEP: Assembly Modern Cui 2013 Keller 2019	3
GCA_000324305.1_ASM32430v1_genomic	CMCC67001	1959	-62	China	Inner Mongolia	35.000074	104.999927	43.2443242	114.32516640000001	Antiqua	2.ANT	2.ANT3	SAMN02403050	KEEP: Assembly Modern Cui 2013 Keller 2019	2
GCA_000324225.1_ASM32422v1_genomic	CMCC49003	1976	-45	China	Xinjiang	35.000074	104.999927	42.4804953	85.4633464	Antiqua	0.ANT	0.ANT1	SAMN02403046	KEEP: Assembly Modern Cui 2013 Keller 2019	0
GCA_000324205.1_ASM32420v1_genomic	CMCC43032	1980	-41	China	Xinjiang	35.000074	104.999927	42.4804953	85.4633464	Antiqua	0.ANT	0.ANT1	SAMN02403045	KEEP: Assembly Modern Cui 2013 Keller 2019	0
GCA_000324105.1_ASM32410v1_genomic	CMCC31004	1990	-31	China	Tibet	35.000074	104.999927	29.8556443	90.87498070000001	Antiqua	1.IN	1.IN2	SAMN02403040	KEEP: Assembly Modern Cui 2013 Keller 2019	1
GCA_000324025.1_ASM32402v1_genomic	CMCC125002	1964	-57	China	Ningxia	35.000074	104.999927	37.0000001	105.9999999	Medievalis	2.MED	2.MED3	SAMN02403036	KEEP: Assembly Modern Cui 2013 Keller 2019	2
GCA_000323985.1_ASM32398v1_genomic	CMCC114001	1952	-69	China	Fujian	35.000074	104.999927	26.5450001	117.84277800000001	Orientalis	1.ORI	1.ORI1	SAMN02403034	KEEP: Assembly Modern Cui 2013 Keller 2019	1
GCA_000323905.1_ASM32390v1_genomic	CMCC104003	1989	-32	China	Inner Mongolia	35.000074	104.999927	43.2443242	114.32516640000001	Antiqua	2.ANT	2.ANT3	SAMN02403030	KEEP: Assembly Modern Cui 2013 Keller 2019	2
GCA_000323745.1_ASM32374v1_genomic	C1975003	1975	-46	China	Qinghai	35.000074	104.999927	35.40709525	95.95211573241954	Antiqua	1.IN	1.IN2	SAMN02403022	KEEP: Assembly Modern Cui 2013 Keller 2019	1
GCA_000323665.1_ASM32366v1_genomic	945	1994	-27	China	Xinjiang	35.000074	104.999927	42.4804953	85.4633464	Antiqua	0.ANT	0.ANT1	SAMN02403017	KEEP: Assembly Modern Cui 2013 Keller 2019	0
GCA_000323645.1_ASM32364v1_genomic	91	1987	-34	China	Xinjiang	35.000074	104.999927	42.4804953	85.4633464	Medievalis	2.MED	2.MED2	SAMN02403016	KEEP: Assembly Modern Cui 2013 Keller 2019	2
GCA_000323625.1_ASM32362v1_genomic	9	2004	-17	China	Qinghai	35.000074	104.999927	35.40709525	95.95211573241954	Qinghaica	0.PE	0.PE10	SAMN02403015	KEEP: Assembly Modern Cui 2013 Keller 2019	0
GCA_000323505.1_ASM32350v1_genomic	7	2004	-17	China	Qinghai	35.000074	104.999927	35.40709525	95.95211573241954	Antiqua	3.ANT	3.ANT1	SAMN02403009	KEEP: Assembly Modern Cui 2013 Keller 2019	3
GCA_000323485.1_ASM32348v1_genomic	620024	1962	-59	China	Qinghai	35.000074	104.999927	35.40709525	95.95211573241954	Antiqua	0.PE	0.PE7	SAMN02403008	KEEP: Assembly Modern Cui 2013 Keller 2019	0
GCA_000323465.1_ASM32346v1_genomic	5761	1956	-65	Russia	St. Petersberg	64.6863136	97.7453061	59.938731999999995	30.316228999999996	Antiqua	2.ANT	2.ANT3	SAMN02403007	KEEP: Assembly Modern Cui 2013 Keller 2019	2
GCA_000323445.1_ASM32344v1_genomic	5	2004	-17	China	Qinghai	35.000074	104.999927	35.40709525	95.95211573241954	Antiqua	1.IN	1.IN2	SAMN02403006	KEEP: Assembly Modern Cui 2013 Keller 2019	1
GCA_000323385.1_ASM32338v1_genomic	42082	1995	-26	China	Xinjiang	35.000074	104.999927	42.4804953	85.4633464	Antiqua	0.ANT	0.ANT3	SAMN02403003	KEEP: Assembly Modern Cui 2013 Keller 2019	0
GCA_000323345.1_ASM32334v1_genomic	351001	1996	-25	China	Tibet	35.000074	104.999927	29.8556443	90.87498070000001	Antiqua	2.ANT	2.ANT2	SAMN02403001	KEEP: Assembly Modern Cui 2013 Keller 2019	2
GCA_000323305.1_ASM32330v1_genomic	34008	1968	-53	China	Tibet	35.000074	104.999927	29.8556443	90.87498070000001	Antiqua	2.ANT	2.ANT1	SAMN02402999	KEEP: Assembly Modern Cui 2013 Keller 2019	2
GCA_000323245.1_ASM32324v1_genomic	2654	2006	-15	China	Xinjiang	35.000074	104.999927	42.4804953	85.4633464	Medievalis	2.MED	2.MED1	SAMN02402997	KEEP: Assembly Modern Cui 2013 Keller 2019	2
GCA_000320445.1_ASM32044v1_genomic	2	2004	-17	China	Qinghai	35.000074	104.999927	35.40709525	95.95211573241954	Antiqua	2.ANT	2.ANT2	SAMN02402993	KEEP: Assembly Modern Cui 2013 Keller 2019	2
GCA_000382505.1_Yersinia_pestis_G1670E_assembly_genomic	G1670E	[1950:2000]	[-71:-21]	Georgia	NA	41.6809707	44.02873820000001	NA	NA	Caucasica	0.PE	0.PE2	SAMN01902219	KEEP: Assembly Modern	0
GCA_000269485.1_ASM26948v1_genomic	PY-103	2010	-11	Peru	La Libertad	-6.8699697	-75.0458515	-8.0	-78.5	Orientalis	1.ORI	1.ORI1	SAMN02141505	KEEP: Assembly Modern	1
GCA_000269205.1_ASM26920v1_genomic	PY-100	2010	-11	Peru	La Libertad	-6.8699697	-75.0458515	-8.0	-78.5	Orientalis	1.ORI	1.ORI1	SAMN02141502	KEEP: Assembly Modern	1
GCA_000269445.1_ASM26944v1_genomic	PY-95	2010	-11	Peru	Cajamarca	-6.8699697	-75.0458515	-6.25	-78.833333	Orientalis	1.ORI	1.ORI1	SAMN02141498	KEEP: Assembly Modern	1
GCA_000269045.1_ASM26904v1_genomic	PY-89	2010	-11	Peru	La Libertad	-6.8699697	-75.0458515	-8.0	-78.5	Orientalis	1.ORI	1.ORI1	SAMN02141492	KEEP: Assembly Modern	1
GCA_000269405.1_ASM26940v1_genomic	PY-88	2010	-11	Peru	La Libertad	-6.8699697	-75.0458515	-8.0	-78.5	Orientalis	1.ORI	1.ORI1	SAMN02141491	KEEP: Assembly Modern	1
GCA_000269025.1_ASM26902v1_genomic	PY-76	2010	-11	Peru	La Libertad	-6.8699697	-75.0458515	-8.0	-78.5	Orientalis	1.ORI	1.ORI1	SAMN02141490	KEEP: Assembly Modern	1
GCA_000268985.1_ASM26898v1_genomic	PY-71	2010	-11	Peru	La Libertad	-6.8699697	-75.0458515	-8.0	-78.5	Orientalis	1.ORI	1.ORI1	SAMN02141488	KEEP: Assembly Modern	1
GCA_000269385.1_ASM26938v1_genomic	PY-66	2010	-11	Peru	La Libertad	-6.8699697	-75.0458515	-8.0	-78.5	Orientalis	1.ORI	1.ORI1	SAMN02141487	KEEP: Assembly Modern	1
GCA_000268945.1_ASM26894v1_genomic	PY-64	2010	-11	Peru	La Libertad	-6.8699697	-75.0458515	-8.0	-78.5	Orientalis	1.ORI	1.ORI1	SAMN02141485	KEEP: Assembly Modern	1
GCA_000268925.1_ASM26892v1_genomic	PY-63	2010	-11	Peru	La Libertad	-6.8699697	-75.0458515	-8.0	-78.5	Orientalis	1.ORI	1.ORI1	SAMN02141484	KEEP: Assembly Modern	1
GCA_000268865.1_ASM26886v1_genomic	PY-58	2010	-11	Peru	La Libertad	-6.8699697	-75.0458515	-8.0	-78.5	Orientalis	1.ORI	1.ORI1	SAMN02141480	KEEP: Assembly Modern	1
GCA_000268825.1_ASM26882v1_genomic	PY-55	2010	-11	Peru	La Libertad	-6.8699697	-75.0458515	-8.0	-78.5	Orientalis	1.ORI	1.ORI1	SAMN02141478	KEEP: Assembly Modern	1
GCA_000268805.2_ASM26880v2_genomic	PY-54	2010	-11	Peru	La Libertad	-6.8699697	-75.0458515	-8.0	-78.5	Orientalis	1.ORI	1.ORI1	SAMN02141477	KEEP: Assembly Modern	1
GCA_000269345.1_ASM26934v1_genomic	PY-52	2010	-11	Peru	La Libertad	-6.8699697	-75.0458515	-8.0	-78.5	Orientalis	1.ORI	1.ORI1	SAMN02141475	KEEP: Assembly Modern	1
GCA_000269285.2_ASM26928v2_genomic	PY-42	2010	-11	Peru	La Libertad	-6.8699697	-75.0458515	-8.0	-78.5	Orientalis	1.ORI	1.ORI1	SAMN02141470	KEEP: Assembly Modern	1
GCA_000268725.2_ASM26872v2_genomic	PY-34	2010	-11	Peru	La Libertad	-6.8699697	-75.0458515	-8.0	-78.5	Orientalis	1.ORI	1.ORI1	SAMN02141468	KEEP: Assembly Modern	1
GCA_000268685.1_ASM26868v1_genomic	PY-29	2010	-11	Peru	La Libertad	-6.8699697	-75.0458515	-8.0	-78.5	Orientalis	1.ORI	1.ORI1	SAMN02141466	KEEP: Assembly Modern	1
GCA_000268665.1_ASM26866v1_genomic	PY-25	2010	-11	Peru	La Libertad	-6.8699697	-75.0458515	-8.0	-78.5	Orientalis	1.ORI	1.ORI1	SAMN02141465	KEEP: Assembly Modern	1
GCA_000268525.1_ASM26852v1_genomic	PY-19	2010	-11	Peru	La Libertad	-6.8699697	-75.0458515	-8.0	-78.5	Orientalis	1.ORI	1.ORI1	SAMN02141464	KEEP: Assembly Modern	1
GCA_000268485.1_ASM26848v1_genomic	PY-14	2009	-12	Peru	La Libertad	-6.8699697	-75.0458515	-8.0	-78.5	Orientalis	1.ORI	1.ORI1	SAMN02141461	KEEP: Assembly Modern	1
GCA_000268365.1_ASM26836v1_genomic	PY-06	2006	-15	Peru	Cajamarca	-6.8699697	-75.0458515	-6.25	-78.833333	Orientalis	1.ORI	1.ORI1	SAMN02141453	KEEP: Assembly Modern	1
GCA_000268345.1_ASM26834v1_genomic	PY-05	2006	-15	Peru	Cajamarca	-6.8699697	-75.0458515	-6.25	-78.833333	Orientalis	1.ORI	1.ORI1	SAMN02141452	KEEP: Assembly Modern	1
GCA_000268325.1_ASM26832v1_genomic	PY-02	2006	-15	Peru	Cajamarca	-6.8699697	-75.0458515	-6.25	-78.833333	Orientalis	1.ORI	1.ORI1	SAMN02141449	KEEP: Assembly Modern	1
GCA_000268545.1_ASM26854v1_genomic	PY-01	2006	-15	Peru	Cajamarca	-6.8699697	-75.0458515	-6.25	-78.833333	Orientalis	1.ORI	1.ORI1	SAMN02141448	KEEP: Assembly Modern	1
GCA_000382545.1_Yersinia_pestis_assembly_genomic	G1670A	[1950:2000]	[-71:-21]	Georgia	NA	41.6809707	44.02873820000001	NA	NA	Caucasica	0.PE	0.PE2	SAMN01909378	KEEP: Assembly Modern	0
GCA_016102745.1_ASM1610274v1_genomic	1077	1962	-59	Russia	Astrakhan Oblast	64.6863136	97.7453061	47.1878186	47.608851	Medievalis	2.MED	2.MED1	SAMN15063846	KEEP: Assembly Modern	2
GCA_016102765.1_ASM1610276v1_genomic	928	1955	-66	Kazakhstan	Aktobe Region	47.2286086	65.20931970000001	48.23965820000001	57.721328899999996	Medievalis	2.MED	2.MED1	SAMN15063709	KEEP: Assembly Modern	2
GCA_016102775.1_ASM1610277v1_genomic	626	1945	-76	Kazakhstan	Atyrau Region	47.2286086	65.20931970000001	47.660582700000006	50.806203000000004	Medievalis	2.MED	2.MED1	SAMN15063641	KEEP: Assembly Modern	2
GCA_016102655.1_ASM1610265v1_genomic	580	1945	-76	Kazakhstan	Kyzylorda Region	47.2286086	65.20931970000001	45.20588529999999	63.9155202	Medievalis	2.MED	2.MED1	SAMN15062818	KEEP: Assembly Modern	2
GCA_016102685.1_ASM1610268v1_genomic	478	1938	-83	Russia	Astrakhan Oblast	64.6863136	97.7453061	47.1878186	47.608851	Medievalis	2.MED	2.MED1	SAMN15062816	KEEP: Assembly Modern	2
GCA_016102645.1_ASM1610264v1_genomic	165	1932	-89	Kazakhstan	West Kazakhstan Region	47.2286086	65.20931970000001	49.5568479	50.2227409	Medievalis	2.MED	2.MED1	SAMN15055973	KEEP: Assembly Modern	2
GCA_016102545.1_ASM1610254v1_genomic	146	1931	-90	Azerbaijan	Nagorno-Karabakh Republic	40.3936294	47.787250799999995	39.97461145	46.64969832546284	Medievalis	2.MED	2.MED1	SAMN15055918	KEEP: Assembly Modern	2
GCA_016102585.1_ASM1610258v1_genomic	48	1966	-55	Kazakhstan	Aktobe Region	47.2286086	65.20931970000001	48.23965820000001	57.721328899999996	Medievalis	2.MED	2.MED1	SAMN15054255	KEEP: Assembly Modern Ambiguous Province Western or Aktobe	2
GCA_016102565.1_ASM1610256v1_genomic	27	1924	-97	Russia	Rostov Oblast	64.6863136	97.7453061	47.6222451	40.7957942	Medievalis	2.MED	2.MED1	SAMN15053870	KEEP: Assembly Modern	2
GCA_016102575.1_ASM1610257v1_genomic	4	1917	-104	Kazakhstan	West Kazakhstan Region	47.2286086	65.20931970000001	49.5568479	50.2227409	Medievalis	2.MED	2.MED1	SAMN15053851	KEEP: Assembly Modern	2
GCA_016102555.1_ASM1610255v1_genomic	2	1912	-109	Kazakhstan	 West Kazakhstan region	47.2286086	65.20931970000001	49.5568479	50.2227409	Medievalis	2.MED	2.MED1	SAMN15053798	KEEP: Assembly Modern	2
GCA_015158485.1_ASM1515848v1_genomic	S20070086	2007	-14	China	Tibet	35.000074	104.999927	29.8556443	90.87498070000001	Orientalis	1.IN	1.IN2	SAMN13021982	KEEP: Assembly Modern	1
GCA_015158615.1_ASM1515861v1_genomic	S19990068	1999	-22	China	Tibet	35.000074	104.999927	29.8556443	90.87498070000001	Orientalis	1.IN	1.IN2	SAMN13021978	KEEP: Assembly Modern	1
GCA_015158675.1_ASM1515867v1_genomic	S20070189	2007	-14	China	Tibet	35.000074	104.999927	29.8556443	90.87498070000001	Antiqua	2.ANT	2.ANT1	SAMN13021975	KEEP: Assembly Modern	2
GCA_015158715.1_ASM1515871v1_genomic	S20040188	2004	-17	China	Tibet	35.000074	104.999927	29.8556443	90.87498070000001	Antiqua	2.ANT	2.ANT1	SAMN13021974	KEEP: Assembly Modern	2
GCA_015158705.1_ASM1515870v1_genomic	S20080164	2008	-13	China	Tibet	35.000074	104.999927	29.8556443	90.87498070000001	Antiqua	2.ANT	2.ANT2	SAMN13021972	KEEP: Assembly Modern	2
GCA_015159045.1_ASM1515904v1_genomic	S20050087	2005	-16	China	Tibet	35.000074	104.999927	29.8556443	90.87498070000001	Antiqua	2.ANT	2.ANT1	SAMN13021957	KEEP: Assembly Modern	2
GCA_015159035.1_ASM1515903v1_genomic	S20050084	2005	-16	China	Tibet	35.000074	104.999927	29.8556443	90.87498070000001	Antiqua	2.ANT	2.ANT2	SAMN13021956	KEEP: Assembly Modern	2
GCA_015336465.1_ASM1533646v1_genomic	I-1252	1966	-55	Russia	NA	64.6863136	97.7453061	NA	NA	Antiqua	2.ANT	2.ANT3	SAMN16619721	KEEP: Assembly Modern No Province	2
GCA_015338045.1_ASM1533804v1_genomic	M2085	2015	-6	Russia	NA	64.6863136	97.7453061	NA	NA	Antiqua	4.ANT	4.ANT1	SAMN16619720	KEEP: Assembly Modern No Province	4
GCA_015336865.1_ASM1533686v1_genomic	M-1974	2012	-9	Russia	NA	64.6863136	97.7453061	NA	NA	Altaica	0.PE	0.PE4a	SAMN16619719	KEEP: Assembly Modern No Province	0
GCA_015337645.1_ASM1533764v1_genomic	M-1482	1989	-32	Russia	NA	64.6863136	97.7453061	NA	NA	Medievalis	2.MED	2.MED1	SAMN16619716	KEEP: Assembly Modern No Province	2
GCA_015159615.1_ASM1515961v1_genomic	14D	1970	-51	Russia	Ingushetia	64.6863136	97.7453061	43.1655309	44.979682000000004	Medievalis	2.MED	2.MED1	SAMN16431992	KEEP: Assembly Modern	2
GCA_013421465.1_ASM1342146v1_genomic	Saigon_Nhatraung_62_3	1962	-59	Vietnam	Khánh Hoà Province	13.2904027	108.42651129999999	12.196080300000002	108.9950386	Orientalis	1.ORI	1.ORI2	SAMN14943509	KEEP: Assembly Modern	1
GCA_013391945.1_ASM1339194v1_genomic	3256	2017	-4	Mongolia	NA	46.825038799999994	103.8499736	46.825038799999994	103.8499736	Antiqua	3.ANT	3.ANT2	SAMN13880443	KEEP: Assembly Modern Ambiguous Province	3
GCA_013391965.1_ASM1339196v1_genomic	3243	2016	-5	Mongolia	NA	46.825038799999994	103.8499736	46.825038799999994	103.8499736	Antiqua	3.ANT	3.ANT2	SAMN13880442	KEEP: Assembly Modern Ambiguous Province	3
GCA_013392055.1_ASM1339205v1_genomic	3309	2018	-3	Mongolia	 Dornogovi	46.825038799999994	103.8499736	44.4179637	109.77837530000001	Medievalis	2.MED	2.MED3	SAMN13907444	KEEP: Assembly Modern	2
GCA_010974855.1_ASM1097485v1_genomic	31	1924	-97	Kazakhstan	Kyzylorda Region	47.2286086	65.20931970000001	45.20588529999999	63.9155202	Medievalis	2.MED	2.MED1	SAMN14090018	KEEP: Assembly Modern	2
GCA_010974835.1_ASM1097483v1_genomic	7	1922	-99	Kazakhstan	West Kazakhstan Region	47.2286086	65.20931970000001	49.5568479	50.2227409	Medievalis	2.MED	2.MED1	SAMN14090012	KEEP: Assembly Modern	2
GCA_010974845.1_ASM1097484v1_genomic	578	1945	-76	Kazakhstan	Kyzylorda Region	47.2286086	65.20931970000001	45.20588529999999	63.9155202	Medievalis	2.MED	2.MED1	SAMN14089970	KEEP: Assembly Modern	2
GCA_009909655.1_ASM990965v1_genomic	615	1945	-76	Kazakhstan	Kyzylorda Region	47.2286086	65.20931970000001	45.20588529999999	63.9155202	Medievalis	2.MED	2.MED1	SAMN13632826	KEEP: Assembly Modern	2
SAMEA5818817	STA001	[1420:1630]	[-601:-391]	Germany	Bavaria	51.0834196	10.4234469	48.9467562	11.4038717	Second Pandemic	1.PRE	1.PRE1	SAMEA5818817	KEEP: SRA Ancient	1
SAMEA5818808	LBG002	[1455:1632]	[-566:-389]	Germany	Bavaria	51.0834196	10.4234469	48.9467562	11.4038717	Second Pandemic	1.PRE	1.PRE1	SAMEA5818808	KEEP: SRA Ancient	1
SAMEA5818806	LAI009	[1300:1400]	[-721:-621]	Russia	Tatarstan	64.6863136	97.7453061	55.44821700000001	50.4763591	Second Pandemic	1.PRE	1.PRE0	SAMEA5818806	KEEP: SRA Ancient	1
SAMEA5818800	BED030	[1560:1635]	[-461:-386]	England	Greater London	52.5310214	-1.2649062	51.4893335	-0.14405508452768728	Second Pandemic	1.PRE	1.PRE1	SAMEA5818800	KEEP: SRA Ancient	1
SAMEA5661385	PET004	[434:600]	[-1587:-1421]	Germany	Bavaria	51.0834196	10.4234469	48.9467562	11.4038717	Antiqua	0.ANT	0.ANT4	SAMEA5661385	KEEP: SRA Ancient	0
SAMEA5661367	LSD001	[650:880]	[-1371:-1141]	France	Centre-Loire Valley	46.603353999999996	1.8883334999999999	47.5490251	1.7324061999999998	Antiqua	0.ANT	0.ANT4	SAMEA5661367	KEEP: SRA Ancient	0
SAMEA5661365	EDI004	[500:650]	[-1521:-1371]	England	East of England	52.5310214	-1.2649062	52.2199774	0.4875777469166293	Antiqua	0.ANT	0.ANT4	SAMEA5661365	KEEP: SRA Ancient	0
SAMEA5054090	Ber45	[1300:1400]	[-721:-621]	The Netherlands	North Brabant	52.500169799999995	5.7480820999999995	51.6017723	5.444139099999999	Second Pandemic	1.PRE	1.PRE2	SAMEA5054090	KEEP: SRA Ancient	1
SAMEA5054089	Ber37	[1300:1400]	[-721:-621]	The Netherlands	North Brabant	52.500169799999995	5.7480820999999995	51.6017723	5.444139099999999	Second Pandemic	1.PRE	1.PRE2	SAMEA5054089	KEEP: SRA Ancient	1
SAMEA104233048	Post6	[-2007:-1882]	[-4028:-3903]	Germany	Bavaria	51.0834196	10.4234469	48.9467562	11.4038717	Bronze Age	0.PRE	0.PRE1	SAMEA104233048	KEEP: SRA Ancient	0
SAMEA104233049	1343UnTal85	[-2396:-2148]	[-4417:-4169]	Germany	Bavaria	51.0834196	10.4234469	48.9467562	11.4038717	Bronze Age	0.PRE	0.PRE1	SAMEA104233049	KEEP: SRA Ancient	0
SAMEA104233047	KunilaII	[-2574:-2340]	[-4595:-4361]	Estonia	Pärnu maakond	58.75237779999999	25.3319078	58.31950685	24.30261214859043	Bronze Age	0.PRE	0.PRE1	SAMEA104233047	KEEP: SRA Ancient	0
SAMEA104233046	Gyvakarai1	[-2621:-2472]	[-4642:-4493]	Lithuania	Panevezys County	55.350000300000005	23.7499997	55.9156048	25.03115989218585	Bronze Age	0.PRE	0.PRE1	SAMEA104233046	KEEP: SRA Ancient	0
SAMEA104488961	RT5	[-1918:-1754]	[-3939:-3775]	Russia	Samara Oblast	64.6863136	97.7453061	53.2128813	50.8914633	Bronze Age	0.PE	0.PE8	SAMEA104488961	KEEP: SRA Ancient	0
SAMEA4354665	AE1175	[426:571]	[-1595:-1450]	Germany	Bavaria	51.0834196	10.4234469	48.9467562	11.4038717	Antiqua	0.ANT	0.ANT4	SAMEA4354665	KEEP: SRA Ancient	0
SAMEA3713714	OBS124	[1720:1722]	[-301:-299]	France	Provence-Alpes-Côte d'Azur	46.603353999999996	1.8883334999999999	44.0580563	6.063850599999999	Second Pandemic	1.PRE	1.PRE1	SAMEA3713714	KEEP: SRA Ancient	1
SAMN00715800	8291	[1348:1350]	[-673:-671]	England	Greater London	52.5310214	-1.2649062	51.4893335	-0.14405508452768728	Second Pandemic	1.PRE	1.PRE1	SAMN00715800	KEEP: SRA Ancient	1
SAMEA3541827	RISE509	[-2876:-2677]	[-4897:-4698]	Russia	Krasnoyarsk Krai	64.6863136	97.7453061	63.3233807	97.09799740000001	Bronze Age	0.PRE	0.PRE2	SAMEA3541827	KEEP: SRA Ancient	0
SAMEA3541826	RISE505	[-1746:-1626]	[-3767:-3647]	Russia	Altai Krai	64.6863136	97.7453061	52.693224300000004	82.69314240000001	Bronze Age	0.PRE	0.PRE1	SAMEA3541826	KEEP: SRA Ancient	0
SAMEA1061800	DA101	[214:261]	[-1807:-1760]	Kyrgyzstan	Issyk-Kul Region	41.5089324	74.724091	42.06103415	78.17073232346421	Antiqua	0.ANT	0.ANT4	SAMEA1061800	KEEP: SRA Ancient	0
SAMEA7293136	COL001	[1300:1400]	[-721:-621]	Italy	Lazio	42.6384261	12.674297	41.9808038	12.766231199999998	Second Pandemic	1.PRE	1.PRE1	SAMEA7293136	KEEP: SRA Ancient	1
SAMEA7293135	CHE1	[1500:1800]	[-521:-221]	Russia	Chechnya	64.6863136	97.7453061	43.397614700000005	45.6985005	Second Pandemic	1.PRE	1.PRE1	SAMEA7293135	KEEP: SRA Ancient	1
SAMEA6812876	GLZ001	[-2838:-2495]	[-4859:-4516]	Russia	Irkutsk Oblast	64.6863136	97.7453061	56.6370122	104.71922099999999	Bronze Age	0.PRE	0.PRE1	SAMEA6812876	KEEP: SRA Ancient	0
SAMEA7313236_38	Rostov2033	[1762:1773]	[-259:-248]	Russia	Rostov Oblast	64.6863136	97.7453061	47.6222451	40.7957942	Second Pandemic	1.PRE	1.PRE1	SAMEA7313236_38	KEEP: SRA Ancient Combined Record	1
SAMEA7313243_45	Azov38	[1400:1700]	[-621:-321]	Russia	Rostov Oblast	64.6863136	97.7453061	47.6222451	40.7957942	Second Pandemic	1.PRE	1.PRE1	SAMEA7313243_45	KEEP: SRA Ancient Combined Record	1
SAMEA7313246_49	Gdansk8	[1400:1700]	[-621:-321]	Poland	Pomeranian Voivodeship	52.215933	19.134422	54.24556	18.1099	Second Pandemic	1.PRE	1.PRE1	SAMEA7313246_49	KEEP: SRA Ancient Combined Record	1
IP579	IP579	1908	-113	India	NA	22.3511148	78.6677428	NA	NA	Orientalis	1.ORI	1.ORI1	IP579	KEEP: Local Modern	1
IP557	IP557	1963	-58	Iran	Kurdistan	32.6475314	54.56435160000001	35.672803	47.0124376	Medievalis	2.MED	2.MED1	IP557	KEEP: Local Modern	2
