Name	UFboot	aLRT	Branch_Support_Color	Branch_Length
NODE0	96.0	77.8	black
NODE1	100.0	98.2	red	3.0272e-06
NODE2	100.0	100.0	red	9.6807e-06
NODE3	100.0	100.0	red	7.4258e-06
NODE4	100.0	95.4	red	1.1729e-06
NODE5	100.0	100.0	red	4.4892e-06
NODE6	100.0	97.9	red	1.4074e-06
NODE7	73.0	100.0	black	3.7661e-06
NODE8	62.0	0.0	black	2.35e-08
NODE9	73.0	87.2	black	4.691e-07
NODE10	73.0	92.0	black	7.037e-07
NODE11	35.0	75.9	black	2.346e-07
NODE12	22.0	0.0	black	2.35e-08
NODE13	65.0	91.9	black	4.691e-07
NODE14	65.0	73.5	black	2.346e-07
NODE15	74.0	78.8	black	7.31e-07
NODE16	96.0	87.2	red	1.3932e-06
NODE17	100.0	99.8	red	2.5803e-06
NODE18	49.0	0.0	black	2.35e-08
NODE19	42.0	0.0	black	2.35e-08
NODE20	100.0	75.7	black	2.346e-07
NODE21	20.0	0.0	black	2.35e-08
NODE22	15.0	0.0	black	2.35e-08
NODE23	18.0	0.0	black	2.35e-08
NODE24	100.0	85.1	red	2.346e-07
NODE25	100.0	74.6	black	2.346e-07
NODE26	100.0	100.0	red	3.5186e-06
NODE27	14.0	0.0	black	2.35e-08
NODE28	12.0	0.0	black	2.35e-08
NODE29	11.0	0.0	black	2.35e-08
NODE30	7.0	0.0	black	2.35e-08
NODE31	100.0	77.9	black	2.346e-07
NODE32	100.0	99.6	red	2.3457e-06
NODE33	99.0	92.7	red	7.037e-07
NODE34	19.0	0.0	black	2.35e-08
NODE35	12.0	0.0	black	2.35e-08
NODE36	11.0	0.0	black	2.35e-08
NODE37	1.0	0.0	black	2.35e-08
NODE38	11.0	0.0	black	2.35e-08
NODE39	11.0	0.0	black	2.35e-08
NODE40	11.0	0.0	black	2.35e-08
NODE41	11.0	0.0	black	2.35e-08
NODE42	48.0	87.1	black	2.346e-07
NODE43	33.0	0.0	black	2.35e-08
NODE44	12.0	0.0	black	2.35e-08
NODE45	12.0	0.0	black	2.35e-08
NODE46	79.0	78.3	black	2.346e-07
NODE47	100.0	97.9	red	1.1729e-06
GCA_000268725.1_ASM26872v1_genomic	NA	NA	grey	2.35e-08
GCA_000268725.2_ASM26872v2_genomic	NA	NA	grey	2.35e-08
GCA_000268905.1_ASM26890v1_genomic	NA	NA	grey	2.346e-07
GCA_000268445.1_ASM26844v1_genomic	NA	NA	grey	2.35e-08
NODE52	33.0	0.0	black	2.35e-08
NODE53	100.0	73.6	black	2.346e-07
GCA_000268805.1_ASM26880v1_genomic	NA	NA	grey	2.35e-08
GCA_000268805.2_ASM26880v2_genomic	NA	NA	grey	2.35e-08
GCA_000268945.1_ASM26894v1_genomic	NA	NA	grey	2.35e-08
NODE57	36.0	0.0	black	2.35e-08
GCA_000268405.1_ASM26840v1_genomic	NA	NA	grey	2.346e-07
GCA_000269105.1_ASM26910v1_genomic	NA	NA	grey	2.346e-07
NODE60	75.0	83.8	black	2.346e-07
NODE61	24.0	0.0	black	2.35e-08
NODE62	27.0	0.0	black	2.35e-08
NODE63	47.0	0.0	black	2.35e-08
GCA_000268585.1_ASM26858v1_genomic	NA	NA	grey	2.35e-08
GCA_000268625.1_ASM26862v1_genomic	NA	NA	grey	2.346e-07
GCA_000269445.1_ASM26944v1_genomic	NA	NA	grey	2.35e-08
GCA_000268825.1_ASM26882v1_genomic	NA	NA	grey	2.35e-08
GCA_000268385.1_ASM26838v1_genomic	NA	NA	grey	2.346e-07
NODE69	20.0	86.5	black	2.346e-07
NODE70	30.0	0.0	black	2.35e-08
NODE71	56.0	78.1	black	2.346e-07
GCA_000268545.1_ASM26854v1_genomic	NA	NA	grey	4.691e-07
GCA_000268645.1_ASM26864v1_genomic	NA	NA	grey	2.346e-07
NODE74	98.0	82.5	red	2.346e-07
GCA_000269345.1_ASM26934v1_genomic	NA	NA	grey	2.346e-07
GCA_000269485.1_ASM26948v1_genomic	NA	NA	grey	2.35e-08
NODE77	31.0	77.8	black	2.346e-07
GCA_000269065.1_ASM26906v1_genomic	NA	NA	grey	7.037e-07
GCA_000269405.1_ASM26940v1_genomic	NA	NA	grey	2.346e-07
NODE80	6.0	0.0	black	2.35e-08
NODE81	11.0	0.0	black	2.35e-08
NODE82	39.0	74.3	black	2.346e-07
NODE83	34.0	0.0	black	2.35e-08
NODE84	78.0	82.7	black	2.346e-07
NODE85	62.0	0.0	black	2.35e-08
GCA_000268765.1_ASM26876v1_genomic	NA	NA	grey	2.35e-08
GCA_000268885.1_ASM26888v1_genomic	NA	NA	grey	2.35e-08
GCA_000269205.1_ASM26920v1_genomic	NA	NA	grey	2.346e-07
GCA_000268505.1_ASM26850v1_genomic	NA	NA	grey	4.691e-07
GCA_000269145.1_ASM26914v1_genomic	NA	NA	grey	2.35e-08
GCA_000269225.1_ASM26922v1_genomic	NA	NA	grey	2.35e-08
GCA_000268745.1_ASM26874v1_genomic	NA	NA	grey	2.35e-08
NODE93	11.0	0.0	black	2.35e-08
NODE94	71.0	75.9	black	2.346e-07
NODE95	60.0	0.0	black	2.35e-08
GCA_000268785.1_ASM26878v1_genomic	NA	NA	grey	2.35e-08
GCA_000269125.1_ASM26912v1_genomic	NA	NA	grey	2.35e-08
GCA_000268425.1_ASM26842v1_genomic	NA	NA	grey	2.35e-08
GCA_000268685.1_ASM26868v1_genomic	NA	NA	grey	2.35e-08
NODE100	6.0	0.0	black	2.35e-08
NODE101	12.0	0.0	black	2.35e-08
NODE102	30.0	83.0	black	2.346e-07
NODE103	57.0	0.0	black	2.35e-08
NODE104	55.0	0.0	black	2.35e-08
NODE105	79.0	76.7	black	2.346e-07
GCA_000268325.1_ASM26832v1_genomic	NA	NA	grey	2.346e-07
GCA_000268345.1_ASM26834v1_genomic	NA	NA	grey	7.037e-07
NODE108	100.0	95.3	red	9.383e-07
GCA_000268865.1_ASM26886v1_genomic	NA	NA	grey	2.35e-08
GCA_000268865.2_ASM26886v2_genomic	NA	NA	grey	2.35e-08
GCA_000269045.1_ASM26904v1_genomic	NA	NA	grey	2.35e-08
GCA_000268925.1_ASM26892v1_genomic	NA	NA	grey	7.037e-07
NODE113	100.0	81.8	red	2.346e-07
NODE114	100.0	97.1	red	7.037e-07
GCA_000269285.1_ASM26928v1_genomic	NA	NA	grey	2.35e-08
GCA_000269285.2_ASM26928v2_genomic	NA	NA	grey	2.35e-08
GCA_000268365.1_ASM26836v1_genomic	NA	NA	grey	2.35e-08
GCA_000268845.1_ASM26884v1_genomic	NA	NA	grey	2.35e-08
NODE119	6.0	0.0	black	2.35e-08
GCA_000268485.1_ASM26848v1_genomic	NA	NA	grey	0.0
GCA_000311885.1_ASM31188v1_genomic	NA	NA	grey	0.0
NODE122	12.0	0.0	black	2.35e-08
GCA_000268565.1_ASM26856v1_genomic	NA	NA	grey	2.346e-07
GCA_000268605.1_ASM26860v1_genomic	NA	NA	grey	2.35e-08
NODE125	6.0	0.0	black	2.35e-08
NODE126	13.0	72.6	black	2.346e-07
NODE127	12.0	0.0	black	2.35e-08
NODE128	76.0	86.7	black	2.346e-07
NODE129	90.0	0.0	black	2.35e-08
GCA_000268965.1_ASM26896v1_genomic	NA	NA	grey	2.35e-08
GCA_000269425.1_ASM26942v1_genomic	NA	NA	grey	2.35e-08
NODE132	99.0	82.0	red	2.346e-07
GCA_000269185.1_ASM26918v1_genomic	NA	NA	grey	2.346e-07
GCA_000269305.1_ASM26930v1_genomic	NA	NA	grey	2.346e-07
GCA_000269165.1_ASM26916v1_genomic	NA	NA	grey	2.346e-07
GCA_000269325.1_ASM26932v1_genomic	NA	NA	grey	2.35e-08
NODE137	11.0	0.0	black	2.35e-08
GCA_000268665.1_ASM26866v1_genomic	NA	NA	grey	4.691e-07
GCA_000269265.1_ASM26926v1_genomic	NA	NA	grey	2.35e-08
NODE140	6.0	0.0	black	2.35e-08
NODE141	12.0	0.0	black	2.35e-08
NODE142	55.0	87.4	black	2.346e-07
NODE143	62.0	79.1	black	2.346e-07
GCA_000268465.1_ASM26846v1_genomic	NA	NA	grey	7.037e-07
GCA_000269365.1_ASM26936v1_genomic	NA	NA	grey	2.346e-07
GCA_000269245.1_ASM26924v1_genomic	NA	NA	grey	2.35e-08
GCA_000269085.1_ASM26908v1_genomic	NA	NA	grey	2.346e-07
GCA_000268705.1_ASM26870v1_genomic	NA	NA	grey	2.35e-08
GCA_000268485.2_ASM26848v2_genomic	NA	NA	grey	2.35e-08
GCA_000269385.1_ASM26938v1_genomic	NA	NA	grey	2.35e-08
GCA_000269465.1_ASM26946v1_genomic	NA	NA	grey	2.346e-07
GCA_003797205.1_ASM379720v1_genomic	NA	NA	grey	2.346e-07
GCA_000182525.1_ASM18252v1_genomic	NA	NA	grey	2.35e-08
GCA_001487065.1_Yersinia_pestis_genomic	NA	NA	grey	2.35e-08
NODE155	6.0	0.0	black	2.35e-08
NODE156	13.0	0.0	black	2.35e-08
NODE157	100.0	97.9	red	1.1729e-06
NODE158	100.0	76.8	black	2.346e-07
NODE159	100.0	78.5	black	2.346e-07
NODE160	14.0	0.0	black	2.35e-08
NODE161	11.0	0.0	black	2.35e-08
NODE162	12.0	0.0	black	2.35e-08
NODE163	6.0	0.0	black	2.35e-08
NODE164	12.0	0.0	black	2.35e-08
NODE165	100.0	85.8	red	2.346e-07
NODE166	100.0	77.6	black	2.346e-07
NODE167	100.0	93.6	red	7.037e-07
NODE168	100.0	91.7	red	4.691e-07
NODE169	92.0	0.0	black	2.35e-08
GCA_000255875.1_ASM25587v1_genomic	NA	NA	grey	2.35e-08
GCA_000255895.1_ASM25589v1_genomic	NA	NA	grey	2.35e-08
GCA_000255855.1_ASM25585v1_genomic	NA	NA	grey	2.346e-07
GCA_000834495.1_ASM83449v1_genomic	NA	NA	grey	2.35e-08
NODE174	100.0	92.6	red	7.037e-07
GCA_000255815.1_ASM25581v1_genomic	NA	NA	grey	2.35e-08
GCA_000255835.1_ASM25583v1_genomic	NA	NA	grey	2.346e-07
NODE177	87.0	0.0	black	2.35e-08
NODE178	100.0	94.3	red	4.691e-07
GCA_000255775.1_ASM25577v1_genomic	NA	NA	grey	2.346e-07
GCA_000255795.1_ASM25579v1_genomic	NA	NA	grey	2.35e-08
GCA_000255755.1_ASM25575v1_genomic	NA	NA	grey	2.35e-08
GCA_001693595.1_ASM169359v1_genomic	NA	NA	grey	2.346e-07
GCA_000834335.1_ASM83433v1_genomic	NA	NA	grey	2.35e-08
NODE184	26.0	0.0	black	2.35e-08
NODE185	100.0	92.8	red	4.691e-07
NODE186	93.0	0.0	black	2.35e-08
GCA_000754785.1_YAU_genomic	NA	NA	grey	2.35e-08
GCA_001293415.1_ASM129341v1_genomic	NA	NA	grey	2.35e-08
Reference	NA	NA	grey	1.4074e-06
GCA_001509865.1_ASM150986v1_genomic	NA	NA	grey	2.346e-07
GCA_000705315.1_EDB10_058v1_genomic	NA	NA	grey	2.35e-08
NODE192	6.0	0.0	black	2.35e-08
GCA_000834775.1_ASM83477v1_genomic	NA	NA	grey	2.35e-08
GCA_001509855.1_ASM150985v1_genomic	NA	NA	grey	2.35e-08
GCA_000255735.1_ASM25573v1_genomic	NA	NA	grey	2.35e-08
GCA_000181455.2_ASM18145v2_genomic	NA	NA	grey	2.35e-08
NODE197	100.0	92.1	red	7.037e-07
NODE198	100.0	74.7	black	2.346e-07
NODE199	6.0	0.0	black	2.35e-08
NODE200	14.0	0.0	black	2.35e-08
GCA_000268525.1_ASM26852v1_genomic	NA	NA	grey	2.346e-07
GCA_000268985.1_ASM26898v1_genomic	NA	NA	grey	2.346e-07
GCA_000222975.1_ASM22297v1_genomic	NA	NA	grey	2.35e-08
NODE204	13.0	0.0	black	2.35e-08
NODE205	49.0	0.0	black	2.35e-08
GCA_000269005.1_ASM26900v1_genomic	NA	NA	grey	2.35e-08
GCA_000269025.1_ASM26902v1_genomic	NA	NA	grey	7.037e-07
GCA_000475155.2_YP24H_v2_genomic	NA	NA	grey	3.7531e-06
GCA_000834755.1_ASM83475v1_genomic	NA	NA	grey	2.35e-08
NODE210	100.0	91.3	red	4.691e-07
NODE211	100.0	99.3	red	1.642e-06
GCA_000834905.1_ASM83490v1_genomic	NA	NA	grey	2.35e-08
GCA_003798085.1_ASM379808v1_genomic	NA	NA	grey	2.35e-08
GCA_900460465.1_57940_B01_genomic	NA	NA	grey	2.35e-08
NODE215	26.0	0.0	black	2.35e-08
NODE216	100.0	100.0	red	3.5186e-06
NODE217	57.0	75.1	black	2.261e-07
NODE218	48.0	0.0	black	2.35e-08
NODE219	100.0	92.3	red	2.346e-07
NODE220	63.0	0.0	black	2.35e-08
NODE221	75.0	0.0	black	2.35e-08
GCA_000324865.1_ASM32486v1_genomic	NA	NA	grey	2.35e-08
GCA_000325485.1_ASM32548v1_genomic	NA	NA	grey	2.35e-08
GCA_000324425.1_ASM32442v1_genomic	NA	NA	grey	2.35e-08
GCA_000324625.1_ASM32462v1_genomic	NA	NA	grey	2.35e-08
GCA_000170275.1_ASM17027v1_genomic	NA	NA	grey	2.35e-08
NODE227	31.0	14.2	black	2.346e-07
NODE228	28.0	0.0	black	4.98e-08
NODE229	35.0	85.4	black	2.346e-07
GCA_000325425.1_ASM32542v1_genomic	NA	NA	grey	2.346e-07
GCA_000325445.1_ASM32544v1_genomic	NA	NA	grey	2.35e-08
GCA_000324645.1_ASM32464v1_genomic	NA	NA	grey	2.35e-08
GCA_000325405.1_ASM32540v1_genomic	NA	NA	grey	2.244e-07
GCA_000834235.1_ASM83423v1_genomic	NA	NA	grey	2.35e-08
NODE235	100.0	99.0	red	1.8766e-06
GCA_000182505.1_ASM18250v1_genomic	NA	NA	grey	2.35e-08
IP579	NA	NA	grey	2.35e-08
NODE238	7.0	0.0	black	2.35e-08
NODE239	12.0	0.0	black	2.35e-08
NODE240	100.0	98.1	red	9.383e-07
NODE241	100.0	91.9	red	4.691e-07
NODE242	65.0	0.0	black	2.35e-08
NODE243	40.0	0.0	black	2.35e-08
GCA_000324805.2_EV76-CN_genomic	NA	NA	grey	2.346e-07
GCA_001261985.1_YPW_3_IHQD_genomic	NA	NA	grey	2.35e-08
IP283	NA	NA	grey	2.35e-08
NODE247	99.0	87.4	red	4.691e-07
NODE248	94.0	70.5	black	4.691e-07
GCA_000475095.2_YP009_v2_genomic	NA	NA	grey	2.1111e-06
GCA_000475115.2_YP113_v2_genomic	NA	NA	grey	4.691e-07
GCA_000590535.1_EV_NIIEG_genomic	NA	NA	grey	2.35e-08
NODE252	89.0	0.0	black	2.35e-08
GCA_000168235.2_ASM16823v2_genomic	NA	NA	grey	2.35e-08
GCA_000169635.1_ASM16963v1_genomic	NA	NA	grey	2.35e-08
GCA_000324825.1_ASM32482v1_genomic	NA	NA	grey	2.346e-07
GCA_000986995.1_YPES001-SEQ-2-ASM-1_genomic	NA	NA	grey	2.35e-08
GCA_000323985.1_ASM32398v1_genomic	NA	NA	grey	7.037e-07
NODE258	100.0	95.4	red	7.037e-07
NODE259	18.0	0.0	black	2.35e-08
NODE260	7.0	0.0	black	2.35e-08
NODE261	12.0	0.0	black	2.35e-08
NODE262	12.0	0.0	black	2.35e-08
NODE263	19.0	0.0	black	2.35e-08
GCA_000324385.1_ASM32438v1_genomic	NA	NA	grey	2.35e-08
GCA_000324765.1_ASM32476v1_genomic	NA	NA	grey	2.35e-08
NODE266	100.0	72.1	black	2.346e-07
GCA_000324845.1_ASM32484v1_genomic	NA	NA	grey	2.35e-08
GCA_000325365.1_ASM32536v1_genomic	NA	NA	grey	2.35e-08
NODE269	6.0	0.0	black	2.35e-08
NODE270	11.0	0.0	black	2.35e-08
GCA_000324365.1_ASM32436v1_genomic	NA	NA	grey	2.346e-07
GCA_000325465.1_ASM32546v1_genomic	NA	NA	grey	2.35e-08
GCA_000022825.1_ASM2282v1_genomic	NA	NA	grey	2.35e-08
GCA_000169695.1_ASM16969v1_genomic	NA	NA	grey	2.35e-08
NODE275	15.0	0.0	black	2.35e-08
GCA_000324405.1_ASM32440v1_genomic	NA	NA	grey	4.691e-07
GCA_000325385.1_ASM32538v1_genomic	NA	NA	grey	2.35e-08
GCA_000324785.1_ASM32478v1_genomic	NA	NA	grey	2.35e-08
GCA_000022805.1_ASM2280v1_genomic	NA	NA	grey	2.35e-08
NODE280	98.0	96.1	red	7.037e-07
NODE281	100.0	75.0	black	2.346e-07
GCA_000323445.1_ASM32344v1_genomic	NA	NA	grey	2.35e-08
GCA_000323865.1_ASM32386v1_genomic	NA	NA	grey	2.35e-08
NODE284	73.0	0.0	black	2.35e-08
GCA_000323545.1_ASM32354v1_genomic	NA	NA	grey	2.35e-08
GCA_000323885.1_ASM32388v1_genomic	NA	NA	grey	2.346e-07
NODE287	20.0	0.0	black	2.35e-08
NODE288	100.0	91.9	red	4.691e-07
NODE289	31.0	0.0	black	2.35e-08
NODE290	19.0	0.0	black	2.35e-08
NODE291	32.0	0.0	black	2.35e-08
NODE292	100.0	79.4	black	2.346e-07
NODE293	100.0	78.8	black	2.346e-07
GCA_000323685.1_ASM32368v1_genomic	NA	NA	grey	2.35e-08
GCA_000324085.1_ASM32408v1_genomic	NA	NA	grey	2.35e-08
GCA_000324745.1_ASM32474v1_genomic	NA	NA	grey	2.346e-07
GCA_000324725.1_ASM32472v1_genomic	NA	NA	grey	2.35e-08
GCA_000324685.1_ASM32468v1_genomic	NA	NA	grey	2.35e-08
NODE299	30.0	0.0	black	2.35e-08
GCA_000323825.1_ASM32382v1_genomic	NA	NA	grey	2.35e-08
GCA_000324705.1_ASM32470v1_genomic	NA	NA	grey	2.35e-08
GCA_000323805.1_ASM32380v1_genomic	NA	NA	grey	2.346e-07
NODE303	100.0	83.9	red	2.346e-07
GCA_000323745.1_ASM32374v1_genomic	NA	NA	grey	2.346e-07
GCA_000324285.1_ASM32428v1_genomic	NA	NA	grey	2.35e-08
GCA_000323785.1_ASM32378v1_genomic	NA	NA	grey	2.35e-08
NODE307	100.0	98.3	red	9.383e-07
NODE308	92.0	0.0	black	2.35e-08
GCA_000022845.1_ASM2284v1_genomic	NA	NA	grey	2.346e-07
GCA_000323285.1_ASM32328v1_genomic	NA	NA	grey	2.35e-08
GCA_000324105.1_ASM32410v1_genomic	NA	NA	grey	4.691e-07
GCA_000323965.1_ASM32396v1_genomic	NA	NA	grey	2.35e-08
GCA_000323605.1_ASM32360v1_genomic	NA	NA	grey	2.35e-08
GCA_000325165.1_ASM32516v1_genomic	NA	NA	grey	2.346e-07
NODE315	100.0	100.0	red	7.2094e-06
NODE316	100.0	100.0	red	8.6576e-06
NODE317	85.0	0.0	black	2.35e-08
GCA_000013825.1_ASM1382v1_genomic	NA	NA	grey	0.0
GCA_003798225.1_ASM379822v1_genomic	NA	NA	grey	0.0
GCA_000834825.1_ASM83482v1_genomic	NA	NA	grey	2.35e-08
GCA_000169615.1_ASM16961v1_genomic	NA	NA	grey	2.35e-08
NODE322	100.0	100.0	red	8.8265e-06
NODE323	100.0	91.8	red	7.702e-07
IP542	NA	NA	grey	2.35e-08
IP543	NA	NA	grey	2.35e-08
GCA_000835005.1_ASM83500v1_genomic	NA	NA	grey	2.346e-07
SAMEA5054093	NA	NA	grey	7.214e-07
SAMEA5054089	NA	NA	grey	1.1996e-06
NODE329	81.0	0.0	black	2.35e-08
SAMEA3937654	NA	NA	grey	2.35e-08
SAMEA5054090	NA	NA	grey	2.346e-07
NODE332	100.0	85.5	red	2.346e-07
NODE333	100.0	73.6	black	4.729e-07
NODE334	100.0	99.5	red	3.1891e-06
NODE335	100.0	82.4	red	5.395e-07
NODE336	99.0	0.0	black	2.35e-08
NODE337	100.0	91.5	red	1.1082e-06
NODE338	100.0	81.0	red	5.431e-07
NODE339	99.0	80.2	red	2.346e-07
NODE340	37.0	0.0	black	2.35e-08
NODE341	32.0	0.0	black	2.35e-08
NODE342	29.0	70.5	black	2.35e-08
NODE343	18.0	0.0	black	2.35e-08
NODE344	33.0	0.0	black	2.35e-08
SAMEA5818822	NA	NA	grey	2.593e-07
SAMEA5818828	NA	NA	grey	1.839e-07
SAMEA5818818	NA	NA	grey	2.35e-08
SAMEA5818821	NA	NA	grey	2.346e-07
NODE349	100.0	78.4	black	2.346e-07
SAMEA5818825	NA	NA	grey	2.35e-08
SAMEA5818830	NA	NA	grey	2.35e-08
SAMEA5818829	NA	NA	grey	2.35e-08
SAMEA5818826	NA	NA	grey	2.35e-08
NODE354	100.0	77.9	black	3.367e-07
SAMEA5818803	NA	NA	grey	2.35e-08
SAMEA5818804	NA	NA	grey	1.0624e-06
SAMEA5818808	NA	NA	grey	2.35e-08
NODE358	100.0	100.0	red	6.8529e-06
NODE359	53.0	0.0	black	2.35e-08
NODE360	32.0	0.0	black	2.35e-08
NODE361	100.0	99.9	red	1.8766e-06
NODE362	99.0	86.2	red	4.691e-07
NODE363	74.0	0.0	black	2.35e-08
NODE364	77.0	0.0	black	2.35e-08
SAMEA3713711	NA	NA	grey	2.801e-07
SAMEA3713712	NA	NA	grey	2.35e-08
SAMEA3713714	NA	NA	grey	2.35e-08
SAMEA3713713	NA	NA	grey	2.35e-08
SAMEA3713715	NA	NA	grey	2.35e-08
NODE370	31.0	0.0	black	2.35e-08
SAMEA5818799	NA	NA	grey	2.35e-08
SAMEA5818800	NA	NA	grey	2.35e-08
SAMEA5818801	NA	NA	grey	2.35e-08
SAMEA5818798	NA	NA	grey	2.35e-08
SAMEA5818805	NA	NA	grey	2.35e-08
SAMEA5818815	NA	NA	grey	2.35e-08
SAMEA5818817	NA	NA	grey	2.35e-08
SAMEA5818809	NA	NA	grey	2.35e-08
NODE379	14.0	0.0	black	2.35e-08
NODE380	55.0	0.0	black	2.35e-08
SAMEA5818811	NA	NA	grey	2.35e-08
SAMN00715800	NA	NA	grey	2.346e-07
SAMEA5054092	NA	NA	grey	7.451e-07
NODE384	17.0	0.0	black	2.35e-08
NODE385	17.0	0.0	black	2.35e-08
NODE386	11.0	100.0	black	5.85e-08
NODE387	100.0	98.5	red	3.9676e-06
NODE388	100.0	100.0	red	3.7824e-06
NODE389	100.0	95.1	red	9.383e-07
NODE390	100.0	85.8	red	4.691e-07
NODE391	100.0	99.9	red	2.5803e-06
NODE392	100.0	98.3	red	1.4074e-06
NODE393	100.0	73.9	black	2.346e-07
NODE394	100.0	88.5	red	4.691e-07
NODE395	100.0	76.8	black	2.346e-07
NODE396	32.0	0.0	black	2.35e-08
NODE397	20.0	0.0	black	2.35e-08
NODE398	14.0	0.0	black	2.35e-08
NODE399	86.0	93.5	black	4.691e-07
NODE400	27.0	0.0	black	2.35e-08
NODE401	15.0	0.0	black	2.35e-08
NODE402	23.0	0.0	black	2.35e-08
NODE403	100.0	73.9	black	2.346e-07
GCA_001613885.1_ASM161388v1_genomic	NA	NA	grey	2.35e-08
GCA_001617705.1_Yersinia_pestis_C-791_genomic	NA	NA	grey	2.35e-08
GCA_008630575.1_ASM863057v1_genomic	NA	NA	grey	2.35e-08
GCA_008630485.1_ASM863048v1_genomic	NA	NA	grey	2.35e-08
GCA_003086055.1_ASM308605v1_genomic	NA	NA	grey	2.35e-08
NODE409	86.0	83.7	black	2.346e-07
GCA_001595585.1_ASM159558v1_genomic	NA	NA	grey	2.35e-08
GCA_003085995.1_ASM308599v1_genomic	NA	NA	grey	4.691e-07
GCA_001617815.1_Yersinia_pestis_M-1453_genomic	NA	NA	grey	4.691e-07
NODE413	12.0	0.0	black	2.35e-08
NODE414	100.0	98.7	red	1.642e-06
GCA_003085975.1_ASM308597v1_genomic	NA	NA	grey	2.35e-08
GCA_003086155.1_ASM308615v1_genomic	NA	NA	grey	2.35e-08
GCA_008630395.1_ASM863039v1_genomic	NA	NA	grey	4.691e-07
GCA_003085855.1_ASM308585v1_genomic	NA	NA	grey	2.35e-08
GCA_001617715.1_Yersinia_pestis_M-519_genomic	NA	NA	grey	2.346e-07
GCA_001617725.1_Yersinia_pestis_M-1484_genomic	NA	NA	grey	4.9563e-06
NODE421	87.0	0.0	black	2.35e-08
NODE422	100.0	91.3	red	2.346e-07
NODE423	68.0	0.0	black	2.35e-08
NODE424	100.0	92.5	red	7.037e-07
GCA_001188735.1_ASM118873v1_genomic	NA	NA	grey	2.35e-08
GCA_001617805.1_Yersinia_pestis_173_genomic	NA	NA	grey	2.35e-08
GCA_006376475.1_ASM637647v1_genomic	NA	NA	grey	4.691e-07
NODE428	85.0	0.0	black	2.35e-08
GCA_001188815.1_ASM118881v1_genomic	NA	NA	grey	2.35e-08
GCA_001617785.1_Yersinia_pestis_M-549_genomic	NA	NA	grey	2.35e-08
GCA_009296005.1_ASM929600v1_genomic	NA	NA	grey	2.35e-08
NODE432	100.0	98.4	red	1.4074e-06
NODE433	13.0	0.0	black	2.35e-08
NODE434	13.0	0.0	black	2.35e-08
NODE435	11.0	0.0	black	2.35e-08
NODE436	28.0	0.0	black	2.35e-08
NODE437	100.0	84.0	red	2.346e-07
NODE438	100.0	96.9	red	7.037e-07
NODE439	92.0	0.0	black	4.98e-08
NODE440	100.0	94.1	red	1.188e-06
GCA_001559935.1_ASM155993v1_genomic	NA	NA	grey	2.8268e-06
GCA_001613865.1_ASM161386v1_genomic	NA	NA	grey	1.72152e-05
NODE443	100.0	91.4	red	4.634e-07
GCA_006376495.1_ASM637649v1_genomic	NA	NA	grey	2.35e-08
GCA_006376535.1_ASM637653v1_genomic	NA	NA	grey	2.35e-08
GCA_006376415.1_ASM637641v1_genomic	NA	NA	grey	2.35e-08
GCA_006376435.1_ASM637643v1_genomic	NA	NA	grey	2.35e-08
NODE448	100.0	86.3	red	2.346e-07
IP557	NA	NA	grey	2.346e-07
IP562	NA	NA	grey	2.35e-08
GCA_003074355.1_ASM307435v1_genomic	NA	NA	grey	2.35e-08
GCA_003074335.1_ASM307433v1_genomic	NA	NA	grey	2.35e-08
GCA_003074375.1_ASM307437v1_genomic	NA	NA	grey	2.346e-07
NODE454	100.0	75.4	black	2.346e-07
NODE455	57.0	0.0	black	2.35e-08
NODE456	43.0	0.0	black	2.35e-08
NODE457	44.0	0.0	black	2.35e-08
GCA_000006645.1_ASM664v1_genomic	NA	NA	grey	2.35e-08
GCA_001261975.1_YPW_8_IHQD_genomic	NA	NA	grey	2.35e-08
GCA_002529545.1_ASM252954v1_genomic	NA	NA	grey	2.35e-08
GCA_000182705.1_ASM18270v1_genomic	NA	NA	grey	2.35e-08
GCA_000970105.1_ASM97010v1_genomic	NA	NA	grey	2.35e-08
NODE463	100.0	98.3	red	1.4074e-06
NODE464	92.0	0.0	black	2.35e-08
NODE465	100.0	87.3	red	4.691e-07
NODE466	100.0	87.5	red	4.691e-07
NODE467	100.0	79.2	black	2.346e-07
NODE468	92.0	0.0	black	2.35e-08
GCA_004023585.1_ASM402358v1_genomic	NA	NA	grey	2.35e-08
GCA_004023595.1_ASM402359v1_genomic	NA	NA	grey	2.35e-08
GCA_000275685.1_ASM27568v1_genomic	NA	NA	grey	2.35e-08
NODE472	88.0	78.0	black	2.35e-08
NODE473	99.0	78.0	black	2.091e-07
GCA_000323205.1_ASM32320v1_genomic	NA	NA	grey	2.35e-08
GCA_000323225.1_ASM32322v1_genomic	NA	NA	grey	2.35e-08
GCA_000323245.1_ASM32324v1_genomic	NA	NA	grey	2.35e-08
NODE477	100.0	99.7	red	4.1912e-06
NODE478	100.0	100.0	red	5.6954e-06
GCA_003086075.1_ASM308607v1_genomic	NA	NA	grey	9.4226e-06
GCA_003086115.1_ASM308611v1_genomic	NA	NA	grey	2.2425e-06
GCA_002412305.1_Y.pestis_A-1809_genomic	NA	NA	grey	4.5601e-06
GCA_003086095.1_ASM308609v1_genomic	NA	NA	grey	2.35e-08
NODE483	100.0	95.6	red	7.037e-07
NODE484	89.0	0.0	black	2.35e-08
GCA_001617735.1_Yersinia_pestis_M-1763_genomic	NA	NA	grey	2.35e-08
GCA_003074295.1_ASM307429v1_genomic	NA	NA	grey	2.35e-08
GCA_001613895.1_ASM161389v1_genomic	NA	NA	grey	2.346e-07
NODE488	100.0	95.6	red	9.383e-07
NODE489	100.0	88.7	red	4.691e-07
NODE490	100.0	80.2	red	2.346e-07
GCA_000169655.1_ASM16965v1_genomic	NA	NA	grey	2.35e-08
GCA_000325145.1_ASM32514v1_genomic	NA	NA	grey	2.35e-08
NODE493	100.0	78.7	black	2.346e-07
GCA_000323565.1_ASM32356v1_genomic	NA	NA	grey	2.346e-07
GCA_000323725.1_ASM32372v1_genomic	NA	NA	grey	2.35e-08
NODE496	100.0	78.3	black	2.346e-07
GCA_000323645.1_ASM32364v1_genomic	NA	NA	grey	4.691e-07
GCA_000324985.1_ASM32498v1_genomic	NA	NA	grey	2.35e-08
NODE499	100.0	93.3	red	7.037e-07
NODE500	100.0	97.1	red	1.1729e-06
NODE501	100.0	79.0	black	2.346e-07
NODE502	89.0	0.0	black	2.35e-08
NODE503	100.0	97.1	red	7.037e-07
NODE504	100.0	90.1	red	4.691e-07
NODE505	100.0	86.4	red	2.346e-07
NODE506	100.0	84.6	red	2.346e-07
NODE507	94.0	0.0	black	2.35e-08
GCA_000325325.1_ASM32532v1_genomic	NA	NA	grey	2.35e-08
GCA_000325345.1_ASM32534v1_genomic	NA	NA	grey	2.35e-08
GCA_000325045.1_ASM32504v1_genomic	NA	NA	grey	4.691e-07
GCA_000325065.1_ASM32506v1_genomic	NA	NA	grey	2.35e-08
NODE512	87.0	0.0	black	2.35e-08
GCA_000323945.1_ASM32394v1_genomic	NA	NA	grey	2.35e-08
GCA_000324005.1_ASM32400v1_genomic	NA	NA	grey	2.35e-08
GCA_000325085.1_ASM32508v1_genomic	NA	NA	grey	2.35e-08
NODE516	100.0	86.2	red	4.691e-07
GCA_000324445.1_ASM32444v1_genomic	NA	NA	grey	2.35e-08
GCA_000324485.1_ASM32448v1_genomic	NA	NA	grey	2.35e-08
NODE519	100.0	99.3	red	1.4074e-06
GCA_000324605.1_ASM32460v1_genomic	NA	NA	grey	2.346e-07
GCA_000325025.1_ASM32502v1_genomic	NA	NA	grey	2.35e-08
GCA_000324945.1_ASM32494v1_genomic	NA	NA	grey	2.346e-07
NODE523	100.0	99.5	red	2.1111e-06
NODE524	87.0	0.0	black	2.35e-08
GCA_000324025.1_ASM32402v1_genomic	NA	NA	grey	2.35e-08
GCA_000325105.1_ASM32510v1_genomic	NA	NA	grey	2.35e-08
NODE527	100.0	84.9	red	4.691e-07
GCA_000325005.1_ASM32500v1_genomic	NA	NA	grey	2.35e-08
GCA_000325125.1_ASM32512v1_genomic	NA	NA	grey	2.35e-08
NODE530	100.0	99.9	red	5.6594e-06
NODE531	24.0	0.0	black	2.35e-08
NODE532	22.0	0.0	black	2.35e-08
NODE533	100.0	85.4	red	2.346e-07
GCA_006376575.1_ASM637657v1_genomic	NA	NA	grey	2.35e-08
GCA_008630375.1_ASM863037v1_genomic	NA	NA	grey	9.383e-07
GCA_003074275.1_ASM307427v1_genomic	NA	NA	grey	7.037e-07
GCA_009295985.1_ASM929598v1_genomic	NA	NA	grey	2.35e-08
GCA_008630435.1_ASM863043v1_genomic	NA	NA	grey	2.35e-08
NODE539	100.0	97.9	red	1.4074e-06
NODE540	100.0	89.3	red	4.691e-07
NODE541	100.0	89.1	red	4.691e-07
NODE542	100.0	86.9	red	4.691e-07
NODE543	100.0	76.6	black	2.346e-07
NODE544	54.0	0.0	black	2.35e-08
NODE545	62.0	0.0	black	2.35e-08
NODE546	100.0	74.9	black	2.346e-07
NODE547	100.0	100.0	red	2.26607e-05
NODE548	100.0	100.0	red	8.8184e-06
GCA_000186725.1_ASM18672v1_genomic	NA	NA	grey	2.35e-08
GCA_000834885.1_ASM83488v1_genomic	NA	NA	grey	2.35e-08
GCA_000834275.1_ASM83427v1_genomic	NA	NA	grey	1.368e-07
NODE552	100.0	93.4	red	7.037e-07
GCA_001601285.1_ASM160128v1_genomic	NA	NA	grey	2.35e-08
GCA_009295965.1_ASM929596v1_genomic	NA	NA	grey	2.35e-08
NODE555	100.0	99.9	red	1.8766e-06
GCA_000323465.1_ASM32346v1_genomic	NA	NA	grey	2.346e-07
GCA_000323585.1_ASM32358v1_genomic	NA	NA	grey	2.35e-08
GCA_000324965.1_ASM32496v1_genomic	NA	NA	grey	2.35e-08
GCA_002188835.1_ASM218883v1_genomic	NA	NA	grey	6.603e-06
NODE560	100.0	99.0	red	1.4074e-06
NODE561	59.0	0.0	black	2.35e-08
GCA_000323905.1_ASM32390v1_genomic	NA	NA	grey	2.35e-08
GCA_000323925.1_ASM32392v1_genomic	NA	NA	grey	2.35e-08
NODE564	63.0	0.0	black	2.35e-08
GCA_000324245.1_ASM32424v1_genomic	NA	NA	grey	4.691e-07
GCA_000324265.1_ASM32426v1_genomic	NA	NA	grey	4.691e-07
GCA_000324305.1_ASM32430v1_genomic	NA	NA	grey	2.346e-07
NODE568	100.0	94.8	red	9.383e-07
NODE569	100.0	98.8	red	1.642e-06
GCA_000324505.1_ASM32450v1_genomic	NA	NA	grey	2.35e-08
GCA_000324545.1_ASM32454v1_genomic	NA	NA	grey	2.35e-08
NODE572	100.0	97.0	red	1.1729e-06
GCA_000324565.1_ASM32456v1_genomic	NA	NA	grey	2.35e-08
GCA_000324585.1_ASM32458v1_genomic	NA	NA	grey	2.35e-08
NODE575	100.0	88.1	red	4.691e-07
NODE576	24.0	0.0	black	2.35e-08
NODE577	97.0	76.6	black	4.691e-07
NODE578	34.0	0.0	black	2.35e-08
NODE579	31.0	0.0	black	2.35e-08
NODE580	100.0	100.0	red	2.8149e-06
GCA_000013805.1_ASM1380v1_genomic	NA	NA	grey	0.0
GCA_002005285.1_ASM200528v1_genomic	NA	NA	grey	0.0
GCA_000182485.1_ASM18248v1_genomic	NA	NA	grey	2.35e-08
GCA_000475135.2_YPS03_v2_genomic	NA	NA	grey	3.5186e-06
GCA_000323325.1_ASM32332v1_genomic	NA	NA	grey	2.35e-08
NODE586	100.0	95.8	red	9.383e-07
GCA_000323305.1_ASM32330v1_genomic	NA	NA	grey	2.35e-08
GCA_900095105.1_PRJEB15052_genomic	NA	NA	grey	2.35e-08
GCA_000320445.1_ASM32044v1_genomic	NA	NA	grey	2.346e-07
NODE590	26.0	0.0	black	2.35e-08
NODE591	100.0	99.0	red	1.4074e-06
NODE592	100.0	85.6	red	4.691e-07
GCA_000324145.1_ASM32414v1_genomic	NA	NA	grey	2.35e-08
GCA_000324905.1_ASM32490v1_genomic	NA	NA	grey	2.35e-08
GCA_000324885.1_ASM32488v1_genomic	NA	NA	grey	2.35e-08
NODE596	100.0	97.2	red	1.1729e-06
GCA_000323345.1_ASM32334v1_genomic	NA	NA	grey	2.35e-08
GCA_000324125.1_ASM32412v1_genomic	NA	NA	grey	2.35e-08
SAMEA3937653	NA	NA	grey	2.35e-08
SAMEA5818806	NA	NA	grey	2.35e-08
NODE601	58.0	0.0	black	2.35e-08
NODE602	100.0	98.6	red	1.642e-06
NODE603	100.0	98.4	red	1.8766e-06
NODE604	99.0	94.9	red	9.383e-07
NODE605	100.0	93.0	red	7.037e-07
NODE606	100.0	74.0	black	2.346e-07
NODE607	39.0	0.0	black	2.35e-08
NODE608	42.0	0.0	black	2.35e-08
NODE609	64.0	0.0	black	2.35e-08
GCA_003074155.1_ASM307415v1_genomic	NA	NA	grey	2.35e-08
GCA_003074215.1_ASM307421v1_genomic	NA	NA	grey	2.35e-08
GCA_003074255.1_ASM307425v1_genomic	NA	NA	grey	2.35e-08
GCA_003074195.1_ASM307419v1_genomic	NA	NA	grey	2.35e-08
GCA_003085915.1_ASM308591v1_genomic	NA	NA	grey	2.35e-08
GCA_003074235.1_ASM307423v1_genomic	NA	NA	grey	2.35e-08
NODE616	100.0	95.2	red	9.383e-07
GCA_003086015.1_ASM308601v1_genomic	NA	NA	grey	2.35e-08
GCA_009363195.1_ASM936319v1_genomic	NA	NA	grey	2.35e-08
GCA_000325225.1_ASM32522v1_genomic	NA	NA	grey	2.35e-08
NODE620	100.0	99.6	red	2.3457e-06
GCA_003074315.1_ASM307431v1_genomic	NA	NA	grey	2.35e-08
GCA_009295945.1_ASM929594v1_genomic	NA	NA	grey	2.35e-08
NODE623	100.0	96.9	red	1.1729e-06
NODE624	100.0	99.9	red	2.5803e-06
NODE625	100.0	85.5	red	4.691e-07
NODE626	100.0	76.5	black	2.346e-07
NODE627	100.0	85.3	red	2.346e-07
GCA_000325265.1_ASM32526v1_genomic	NA	NA	grey	2.35e-08
GCA_000325285.1_ASM32528v1_genomic	NA	NA	grey	2.346e-07
GCA_000325245.1_ASM32524v1_genomic	NA	NA	grey	2.35e-08
NODE631	100.0	99.3	red	1.642e-06
GCA_000325205.1_ASM32520v1_genomic	NA	NA	grey	2.35e-08
GCA_000325305.1_ASM32530v1_genomic	NA	NA	grey	2.35e-08
GCA_002188855.1_ASM218885v1_genomic	NA	NA	grey	7.7948e-06
NODE635	100.0	75.1	black	2.346e-07
NODE636	100.0	99.7	red	2.1111e-06
NODE637	90.0	0.0	black	2.35e-08
GCA_000323525.1_ASM32352v1_genomic	NA	NA	grey	2.35e-08
GCA_000323765.1_ASM32376v1_genomic	NA	NA	grey	2.35e-08
GCA_000324325.1_ASM32432v1_genomic	NA	NA	grey	2.35e-08
GCA_000323505.1_ASM32350v1_genomic	NA	NA	grey	2.35e-08
NODE642	100.0	99.8	red	2.1111e-06
NODE643	100.0	76.2	black	2.346e-07
NODE644	73.0	0.0	black	2.35e-08
NODE645	71.0	0.0	black	2.35e-08
NODE646	100.0	97.1	red	7.037e-07
GCA_000323405.1_ASM32340v1_genomic	NA	NA	grey	2.346e-07
GCA_000324065.1_ASM32406v1_genomic	NA	NA	grey	2.35e-08
GCA_000324165.1_ASM32416v1_genomic	NA	NA	grey	2.346e-07
GCA_009295925.1_ASM929592v1_genomic	NA	NA	grey	2.346e-07
GCA_000734805.1_ASM73480v1_genomic	NA	NA	grey	2.35e-08
NODE652	100.0	93.9	red	7.037e-07
NODE653	91.0	0.0	black	2.35e-08
GCA_000323385.1_ASM32338v1_genomic	NA	NA	grey	2.35e-08
GCA_000323705.1_ASM32370v1_genomic	NA	NA	grey	2.35e-08
NODE656	100.0	81.1	red	2.346e-07
GCA_001188675.1_ASM118867v1_genomic	NA	NA	grey	2.346e-07
GCA_002412225.1_Y.pestis_A-1486_genomic	NA	NA	grey	4.691e-07
NODE659	100.0	100.0	red	4.2223e-06
NODE660	100.0	86.5	red	4.691e-07
GCA_002412245.1_Y.pestis_A-1691_genomic	NA	NA	grey	1.8766e-06
GCA_003074595.1_ASM307459v1_genomic	NA	NA	grey	2.35e-08
NODE663	100.0	95.4	red	9.383e-07
GCA_002412255.1_Y.pestis_A-1836_genomic	NA	NA	grey	1.40393e-05
GCA_003074535.1_ASM307453v1_genomic	NA	NA	grey	2.35e-08
NODE666	100.0	99.8	red	1.8766e-06
GCA_000169675.1_ASM16967v1_genomic	NA	NA	grey	2.35e-08
GCA_000320465.1_ASM32046v1_genomic	NA	NA	grey	2.35e-08
NODE669	64.0	0.0	black	5.61e-08
NODE670	100.0	97.5	red	6.7624e-06
NODE671	34.0	62.0	black	4.98e-08
NODE672	20.0	0.0	black	2.35e-08
NODE673	40.0	59.5	black	4.181e-07
NODE674	28.0	0.0	black	2.35e-08
NODE675	61.0	0.0	black	2.35e-08
NODE676	85.0	80.7	black	2.346e-07
NODE677	53.0	84.0	black	4.98e-08
NODE678	63.0	79.0	black	4.557e-07
NODE679	98.0	86.9	red	1.131e-06
SAMEA5661375	NA	NA	grey	9.847e-07
SAMEA5661390	NA	NA	grey	2.35e-08
SAMEA5661389	NA	NA	grey	5.13e-08
SAMEA5661360	NA	NA	grey	2.35e-08
SAMEA4354665	NA	NA	grey	2.35e-08
NODE685	100.0	99.2	red	1.4074e-06
SAMEA5661367	NA	NA	grey	2.35e-08
SAMEA5661372	NA	NA	grey	2.35e-08
SAMEA5661385	NA	NA	grey	2.35e-08
SAMEA5661365	NA	NA	grey	2.35e-08
SAMEA5661384	NA	NA	grey	2.35e-08
SAMEA5661363	NA	NA	grey	2.35e-08
SAMEA5661364	NA	NA	grey	2.35e-08
NODE693	73.0	72.3	black	1.8909e-06
SAMEA1061800	NA	NA	grey	2.35e-08
SAMEA5818813	NA	NA	grey	2.35e-08
NODE696	100.0	99.7	red	2.3457e-06
NODE697	100.0	98.7	red	1.8766e-06
NODE698	100.0	99.8	red	2.5803e-06
NODE699	40.0	0.0	black	2.35e-08
NODE700	25.0	0.0	black	2.35e-08
NODE701	6.0	0.0	black	2.35e-08
NODE702	44.0	71.4	black	2.346e-07
NODE703	11.0	0.0	black	2.35e-08
NODE704	12.0	0.0	black	2.35e-08
NODE705	12.0	0.0	black	2.35e-08
NODE706	13.0	0.0	black	2.35e-08
NODE707	12.0	0.0	black	2.35e-08
NODE708	12.0	0.0	black	2.35e-08
NODE709	12.0	0.0	black	2.35e-08
NODE710	12.0	0.0	black	2.35e-08
NODE711	11.0	0.0	black	2.35e-08
NODE712	25.0	0.0	black	2.35e-08
NODE713	100.0	92.5	red	4.691e-07
NODE714	38.0	0.0	black	2.35e-08
NODE715	22.0	0.0	black	2.35e-08
NODE716	19.0	0.0	black	2.35e-08
GCA_009669725.1_ASM966972v1_genomic	NA	NA	grey	0.0
GCA_009670285.1_ASM967028v1_genomic	NA	NA	grey	0.0
GCA_009670305.1_ASM967030v1_genomic	NA	NA	grey	0.0
GCA_009667925.1_ASM966792v1_genomic	NA	NA	grey	2.35e-08
GCA_009670225.1_ASM967022v1_genomic	NA	NA	grey	2.35e-08
GCA_009670185.1_ASM967018v1_genomic	NA	NA	grey	2.35e-08
GCA_009670235.1_ASM967023v1_genomic	NA	NA	grey	2.346e-07
NODE724	100.0	76.7	black	2.346e-07
NODE725	26.0	0.0	black	2.35e-08
NODE726	34.0	0.0	black	2.35e-08
GCA_009670005.1_ASM967000v1_genomic	NA	NA	grey	2.346e-07
GCA_009670465.1_ASM967046v1_genomic	NA	NA	grey	2.35e-08
GCA_009670705.1_ASM967070v1_genomic	NA	NA	grey	2.35e-08
GCA_009669765.1_ASM966976v1_genomic	NA	NA	grey	2.35e-08
GCA_009670325.1_ASM967032v1_genomic	NA	NA	grey	2.35e-08
NODE732	17.0	0.0	black	2.35e-08
NODE733	100.0	78.3	black	2.346e-07
GCA_009670725.1_ASM967072v1_genomic	NA	NA	grey	2.35e-08
GCA_009670815.1_ASM967081v1_genomic	NA	NA	grey	2.35e-08
GCA_009670395.1_ASM967039v1_genomic	NA	NA	grey	2.346e-07
GCA_009667945.1_ASM966794v1_genomic	NA	NA	grey	2.35e-08
NODE738	14.0	0.0	black	2.35e-08
NODE739	99.0	72.1	black	2.346e-07
GCA_009669705.1_ASM966970v1_genomic	NA	NA	grey	2.35e-08
GCA_009670995.1_ASM967099v1_genomic	NA	NA	grey	2.35e-08
GCA_009667935.1_ASM966793v1_genomic	NA	NA	grey	2.35e-08
NODE743	7.0	0.0	black	2.35e-08
NODE744	30.0	73.7	black	2.35e-08
GCA_000323365.1_ASM32336v1_genomic	NA	NA	grey	2.346e-07
GCA_009670415.1_ASM967041v1_genomic	NA	NA	grey	2.09e-07
GCA_009670675.1_ASM967067v1_genomic	NA	NA	grey	2.35e-08
GCA_009670485.1_ASM967048v1_genomic	NA	NA	grey	2.35e-08
NODE749	20.0	0.0	black	2.35e-08
GCA_009670355.1_ASM967035v1_genomic	NA	NA	grey	2.35e-08
GCA_009670715.1_ASM967071v1_genomic	NA	NA	grey	2.35e-08
GCA_009667885.1_ASM966788v1_genomic	NA	NA	grey	0.0
GCA_009670345.1_ASM967034v1_genomic	NA	NA	grey	0.0
GCA_009669805.1_ASM966980v1_genomic	NA	NA	grey	0.0
GCA_009670625.1_ASM967062v1_genomic	NA	NA	grey	0.0
GCA_009670205.1_ASM967020v1_genomic	NA	NA	grey	0.0
GCA_009669565.1_ASM966956v1_genomic	NA	NA	grey	0.0
GCA_009670765.1_ASM967076v1_genomic	NA	NA	grey	0.0
GCA_009670105.1_ASM967010v1_genomic	NA	NA	grey	0.0
GCA_009669545.1_ASM966954v1_genomic	NA	NA	grey	0.0
GCA_009669925.1_ASM966992v1_genomic	NA	NA	grey	0.0
GCA_009670785.1_ASM967078v1_genomic	NA	NA	grey	0.0
GCA_009670865.1_ASM967086v1_genomic	NA	NA	grey	0.0
GCA_009669845.1_ASM966984v1_genomic	NA	NA	grey	0.0
GCA_009669605.1_ASM966960v1_genomic	NA	NA	grey	0.0
GCA_009667985.1_ASM966798v1_genomic	NA	NA	grey	0.0
GCA_009670585.1_ASM967058v1_genomic	NA	NA	grey	0.0
GCA_009669555.1_ASM966955v1_genomic	NA	NA	grey	0.0
GCA_009669665.1_ASM966966v1_genomic	NA	NA	grey	0.0
GCA_009669905.1_ASM966990v1_genomic	NA	NA	grey	0.0
GCA_009669875.1_ASM966987v1_genomic	NA	NA	grey	0.0
GCA_009669835.1_ASM966983v1_genomic	NA	NA	grey	0.0
GCA_009669955.1_ASM966995v1_genomic	NA	NA	grey	0.0
GCA_009670575.1_ASM967057v1_genomic	NA	NA	grey	0.0
GCA_009670545.1_ASM967054v1_genomic	NA	NA	grey	0.0
GCA_009670835.1_ASM967083v1_genomic	NA	NA	grey	0.0
GCA_009670605.1_ASM967060v1_genomic	NA	NA	grey	2.35e-08
GCA_009670775.1_ASM967077v1_genomic	NA	NA	grey	2.35e-08
GCA_009670245.1_ASM967024v1_genomic	NA	NA	grey	2.35e-08
NODE780	16.0	0.0	black	2.35e-08
NODE781	100.0	78.4	black	2.346e-07
NODE782	58.0	0.0	black	2.35e-08
NODE783	45.0	0.0	black	2.35e-08
GCA_009667895.1_ASM966789v1_genomic	NA	NA	grey	0.0
GCA_009670905.1_ASM967090v1_genomic	NA	NA	grey	0.0
GCA_009669975.1_ASM966997v1_genomic	NA	NA	grey	0.0
GCA_009670155.1_ASM967015v1_genomic	NA	NA	grey	0.0
GCA_009669775.1_ASM966977v1_genomic	NA	NA	grey	0.0
GCA_009670895.1_ASM967089v1_genomic	NA	NA	grey	0.0
GCA_009670515.1_ASM967051v1_genomic	NA	NA	grey	0.0
GCA_009670565.1_ASM967056v1_genomic	NA	NA	grey	0.0
GCA_009670075.1_ASM967007v1_genomic	NA	NA	grey	0.0
GCA_009670385.1_ASM967038v1_genomic	NA	NA	grey	0.0
GCA_009670015.1_ASM967001v1_genomic	NA	NA	grey	0.0
NODE795	58.0	0.0	black	2.35e-08
NODE796	100.0	87.0	red	4.691e-07
NODE797	28.0	0.0	black	2.35e-08
NODE798	17.0	0.0	black	2.35e-08
NODE799	51.0	0.0	black	2.35e-08
NODE800	100.0	74.0	black	2.346e-07
GCA_009669625.1_ASM966962v1_genomic	NA	NA	grey	0.0
GCA_009670045.1_ASM967004v1_genomic	NA	NA	grey	0.0
GCA_009669935.1_ASM966993v1_genomic	NA	NA	grey	2.35e-08
NODE804	100.0	93.1	red	4.691e-07
NODE805	92.0	0.0	black	2.35e-08
GCA_009669675.1_ASM966967v1_genomic	NA	NA	grey	2.35e-08
GCA_009669825.1_ASM966982v1_genomic	NA	NA	grey	2.35e-08
GCA_009669635.1_ASM966963v1_genomic	NA	NA	grey	2.346e-07
GCA_009670115.1_ASM967011v1_genomic	NA	NA	grey	2.35e-08
GCA_009670055.1_ASM967005v1_genomic	NA	NA	grey	2.35e-08
GCA_009670665.1_ASM967066v1_genomic	NA	NA	grey	2.35e-08
GCA_009670875.1_ASM967087v1_genomic	NA	NA	grey	2.35e-08
GCA_009669715.1_ASM966971v1_genomic	NA	NA	grey	2.35e-08
GCA_009670135.1_ASM967013v1_genomic	NA	NA	grey	2.35e-08
GCA_009670475.1_ASM967047v1_genomic	NA	NA	grey	2.346e-07
GCA_009670445.1_ASM967044v1_genomic	NA	NA	grey	2.35e-08
GCA_009670935.1_ASM967093v1_genomic	NA	NA	grey	2.346e-07
GCA_000324225.1_ASM32422v1_genomic	NA	NA	grey	2.35e-08
NODE819	100.0	100.0	red	5.4242e-06
NODE820	100.0	99.4	red	2.1111e-06
NODE821	55.0	0.0	black	2.35e-08
NODE822	16.0	0.0	black	2.35e-08
NODE823	23.0	0.0	black	2.35e-08
GCA_000324185.1_ASM32418v1_genomic	NA	NA	grey	2.35e-08
GCA_000324205.1_ASM32420v1_genomic	NA	NA	grey	2.35e-08
GCA_000324345.1_ASM32434v1_genomic	NA	NA	grey	2.35e-08
GCA_000323185.1_ASM32318v1_genomic	NA	NA	grey	2.35e-08
GCA_000323425.1_ASM32342v1_genomic	NA	NA	grey	2.35e-08
GCA_000323665.1_ASM32366v1_genomic	NA	NA	grey	2.346e-07
NODE830	100.0	100.0	red	1.35357e-05
NODE831	100.0	91.3	red	7.037e-07
NODE832	100.0	86.0	red	4.691e-07
NODE833	100.0	98.2	red	1.4074e-06
NODE834	36.0	0.0	black	2.35e-08
NODE835	31.0	0.0	black	2.35e-08
GCA_000950935.1_ASM95093v1_genomic	NA	NA	grey	3.3127e-06
GCA_002981975.1_ASM298197v1_genomic	NA	NA	grey	2.35e-08
GCA_001294895.1_ASM129489v1_genomic	NA	NA	grey	2.35e-08
GCA_003122795.1_Y.pestis_I-2422_genomic	NA	NA	grey	2.35e-08
GCA_006546665.1_ASM654666v1_genomic	NA	NA	grey	2.346e-07
NODE841	100.0	96.2	red	9.383e-07
NODE842	100.0	84.8	red	4.691e-07
NODE843	92.0	0.0	black	2.35e-08
GCA_001295025.1_ASM129502v1_genomic	NA	NA	grey	0.0
GCA_002981955.1_ASM298195v1_genomic	NA	NA	grey	0.0
GCA_002981925.1_ASM298192v1_genomic	NA	NA	grey	2.35e-08
GCA_002981895.1_ASM298189v1_genomic	NA	NA	grey	2.35e-08
GCA_006546745.1_ASM654674v1_genomic	NA	NA	grey	2.35e-08
NODE849	100.0	99.5	red	1.8766e-06
NODE850	100.0	94.7	red	7.037e-07
NODE851	100.0	96.1	red	7.037e-07
NODE852	100.0	92.2	red	4.691e-07
NODE853	100.0	73.7	black	2.346e-07
GCA_000950945.1_ASM95094v1_genomic	NA	NA	grey	3.9877e-06
GCA_001294835.1_ASM129483v1_genomic	NA	NA	grey	2.35e-08
GCA_002981915.1_ASM298191v1_genomic	NA	NA	grey	2.35e-08
GCA_002981995.1_ASM298199v1_genomic	NA	NA	grey	2.35e-08
GCA_006517425.1_ASM651742v1_genomic	NA	NA	grey	2.35e-08
GCA_006546725.1_ASM654672v1_genomic	NA	NA	grey	2.35e-08
NODE860	84.0	0.0	black	2.35e-08
NODE861	100.0	84.9	red	3.979e-07
NODE862	100.0	100.0	red	1.21459e-05
NODE863	100.0	91.9	red	1.0331e-06
NODE864	100.0	100.0	red	5.6425e-06
NODE865	100.0	98.6	red	1.642e-06
NODE866	18.0	0.0	black	2.35e-08
NODE867	20.0	0.0	black	2.35e-08
NODE868	39.0	74.2	black	2.346e-07
NODE869	82.0	87.6	black	5.172e-07
NODE870	97.0	81.8	red	9.383e-07
GCA_001972515.1_ASM197251v1_genomic	NA	NA	grey	3.5233e-06
GCA_002173815.1_ASM217381v1_genomic	NA	NA	grey	4.9483e-06
GCA_002188775.1_ASM218877v1_genomic	NA	NA	grey	6.0667e-06
NODE874	40.0	86.7	black	4.691e-07
GCA_002173805.1_ASM217380v1_genomic	NA	NA	grey	1.06661e-05
GCA_002188755.1_ASM218875v1_genomic	NA	NA	grey	6.14e-06
GCA_001295115.1_ASM129511v1_genomic	NA	NA	grey	2.346e-07
NODE878	6.0	0.0	black	2.35e-08
NODE879	11.0	0.0	black	2.35e-08
NODE880	56.0	91.1	black	7.037e-07
GCA_001972475.1_ASM197247v1_genomic	NA	NA	grey	7.7826e-06
GCA_002173795.1_ASM217379v1_genomic	NA	NA	grey	5.899e-06
GCA_000182545.1_ASM18254v1_genomic	NA	NA	grey	2.346e-07
GCA_000834925.1_ASM83492v1_genomic	NA	NA	grey	2.35e-08
GCA_003085895.1_ASM308589v1_genomic	NA	NA	grey	2.35e-08
NODE886	100.0	87.8	red	4.691e-07
NODE887	100.0	76.6	black	2.346e-07
NODE888	100.0	84.7	red	4.691e-07
GCA_002188725.1_ASM218872v1_genomic	NA	NA	grey	7.3262e-06
GCA_002188765.1_ASM218876v1_genomic	NA	NA	grey	9.6999e-06
GCA_001294965.1_ASM129496v1_genomic	NA	NA	grey	2.35e-08
NODE892	100.0	89.2	red	4.691e-07
NODE893	83.0	0.0	black	2.35e-08
GCA_003085955.1_ASM308595v1_genomic	NA	NA	grey	2.35e-08
GCA_003086035.1_ASM308603v1_genomic	NA	NA	grey	4.691e-07
GCA_002188685.1_ASM218868v1_genomic	NA	NA	grey	5.889e-06
NODE897	100.0	95.5	red	1.5097e-06
NODE898	100.0	100.0	red	8.8043e-06
NODE899	39.0	0.0	black	2.35e-08
NODE900	32.0	0.0	black	2.35e-08
GCA_001295145.1_ASM129514v1_genomic	NA	NA	grey	2.346e-07
GCA_001601735.1_ASM160173v1_genomic	NA	NA	grey	8.313e-06
GCA_001294975.1_ASM129497v1_genomic	NA	NA	grey	4.691e-07
GCA_001972505.1_ASM197250v1_genomic	NA	NA	grey	1.3496e-05
NODE905	100.0	100.0	red	1.25617e-05
GCA_001294885.1_ASM129488v1_genomic	NA	NA	grey	2.35e-08
GCA_002412235.1_Y.pestis_A-1249_genomic	NA	NA	grey	2.35e-08
NODE908	100.0	100.0	red	6.1625e-06
NODE909	100.0	74.2	black	2.346e-07
NODE910	100.0	96.5	red	1.1729e-06
NODE911	100.0	94.6	red	7.037e-07
GCA_001294805.1_ASM129480v1_genomic	NA	NA	grey	2.35e-08
GCA_002188815.1_ASM218881v1_genomic	NA	NA	grey	6.8303e-06
NODE914	100.0	79.1	black	2.346e-07
GCA_002188845.1_ASM218884v1_genomic	NA	NA	grey	1.01549e-05
GCA_003074175.1_ASM307417v1_genomic	NA	NA	grey	2.35e-08
NODE917	100.0	100.0	red	2.5803e-06
NODE918	100.0	98.2	red	1.4074e-06
GCA_000007885.1_ASM788v1_genomic	NA	NA	grey	1.642e-06
GCA_000324465.1_ASM32446v1_genomic	NA	NA	grey	2.346e-07
GCA_000324525.1_ASM32452v1_genomic	NA	NA	grey	4.691e-07
NODE922	100.0	100.0	red	3.5186e-06
NODE923	94.0	73.2	black	2.35e-08
GCA_000324045.1_ASM32404v1_genomic	NA	NA	grey	2.35e-08
GCA_000324665.1_ASM32466v1_genomic	NA	NA	grey	2.35e-08
GCA_000325185.1_ASM32518v1_genomic	NA	NA	grey	2.346e-07
NODE927	100.0	100.0	red	1.50071e-05
GCA_000320425.1_ASM32042v1_genomic	NA	NA	grey	2.346e-07
GCA_000323625.1_ASM32362v1_genomic	NA	NA	grey	2.35e-08
SAMEA104488961	NA	NA	grey	2.35e-08
NODE931	100.0	100.0	red	2.66323e-05
NODE932	100.0	100.0	red	1.16167e-05
NODE933	100.0	100.0	red	6.3866e-06
NODE934	100.0	75.7	black	2.346e-07
NODE935	64.0	0.0	black	2.35e-08
NODE936	74.0	0.0	black	2.35e-08
NODE937	100.0	93.5	red	4.691e-07
NODE938	11.0	0.0	black	2.35e-08
NODE939	15.0	0.0	black	2.35e-08
NODE940	28.0	0.0	black	2.35e-08
NODE941	100.0	85.4	red	2.346e-07
NODE942	88.0	0.0	black	2.35e-08
GCA_000324925.1_ASM32492v1_genomic	NA	NA	grey	2.35e-08
GCA_001188775.1_ASM118877v1_genomic	NA	NA	grey	2.35e-08
NODE945	100.0	96.7	red	7.037e-07
GCA_001188695.1_ASM118869v1_genomic	NA	NA	grey	2.35e-08
GCA_001188935.1_ASM118893v1_genomic	NA	NA	grey	2.35e-08
NODE948	100.0	78.1	black	2.346e-07
GCA_000382525.1_Yersinia_pestis_G3768_assembly_genomic	NA	NA	grey	2.35e-08
GCA_001188755.1_ASM118875v1_genomic	NA	NA	grey	2.35e-08
GCA_002993145.1_ASM299314v1_genomic	NA	NA	grey	2.35e-08
GCA_001188795.1_ASM118879v1_genomic	NA	NA	grey	2.35e-08
NODE953	42.0	0.0	black	2.35e-08
NODE954	60.0	24.2	black	7.037e-07
GCA_000382505.1_Yersinia_pestis_G1670E_assembly_genomic	NA	NA	grey	1.1729e-06
GCA_001294815.1_ASM129481v1_genomic	NA	NA	grey	9.383e-07
NODE957	100.0	99.8	red	3.5186e-06
GCA_000382545.1_Yersinia_pestis_assembly_genomic	NA	NA	grey	2.35e-08
GCA_001188335.1_DYA_1_genomic	NA	NA	grey	2.35e-08
GCA_006376545.1_ASM637654v1_genomic	NA	NA	grey	2.35e-08
GCA_001295045.1_ASM129504v1_genomic	NA	NA	grey	2.35e-08
GCA_001294915.1_ASM129491v1_genomic	NA	NA	grey	2.35e-08
NODE963	87.0	0.0	black	2.35e-08
GCA_000834985.1_ASM83498v1_genomic	NA	NA	grey	2.35e-08
GCA_003085935.1_ASM308593v1_genomic	NA	NA	grey	2.35e-08
NODE966	100.0	100.0	red	5.6592e-06
NODE967	100.0	92.8	red	7.037e-07
NODE968	100.0	84.3	red	2.346e-07
NODE969	29.0	0.0	black	2.35e-08
NODE970	13.0	0.0	black	2.35e-08
NODE971	13.0	0.0	black	2.35e-08
NODE972	70.0	74.8	black	2.346e-07
GCA_001295185.1_ASM129518v1_genomic	NA	NA	grey	2.35e-08
GCA_006376505.1_ASM637650v1_genomic	NA	NA	grey	4.691e-07
GCA_000016445.1_ASM1644v1_genomic	NA	NA	grey	2.35e-08
GCA_000834315.1_ASM83431v1_genomic	NA	NA	grey	2.35e-08
GCA_001294905.1_ASM129490v1_genomic	NA	NA	grey	2.35e-08
GCA_001295105.1_ASM129510v1_genomic	NA	NA	grey	2.346e-07
NODE979	58.0	0.0	black	2.35e-08
NODE980	100.0	76.7	black	2.346e-07
NODE981	100.0	96.5	red	9.383e-07
GCA_001188325.1_YPY_1_genomic	NA	NA	grey	2.35e-08
GCA_001188715.1_ASM118871v1_genomic	NA	NA	grey	2.35e-08
GCA_003085875.1_ASM308587v1_genomic	NA	NA	grey	2.35e-08
GCA_001295065.1_ASM129506v1_genomic	NA	NA	grey	2.35e-08
NODE986	100.0	85.9	red	4.691e-07
NODE987	100.0	79.9	black	2.346e-07
NODE988	39.0	0.0	black	2.35e-08
NODE989	40.0	0.0	black	2.35e-08
NODE990	100.0	87.1	red	4.691e-07
GCA_003074395.1_ASM307439v1_genomic	NA	NA	grey	2.35e-08
GCA_003074415.1_ASM307441v1_genomic	NA	NA	grey	2.35e-08
GCA_001972415.1_ASM197241v1_genomic	NA	NA	grey	9.2015e-06
GCA_001294985.1_ASM129498v1_genomic	NA	NA	grey	2.35e-08
GCA_003074435.1_ASM307443v1_genomic	NA	NA	grey	2.346e-07
GCA_001295055.1_ASM129505v1_genomic	NA	NA	grey	2.346e-07
NODE997	100.0	100.0	red	1.1641e-05
NODE998	38.0	0.0	black	2.35e-08
NODE999	26.0	0.0	black	2.35e-08
NODE1000	21.0	0.0	black	2.35e-08
NODE1001	39.0	0.0	black	2.35e-08
NODE1002	54.0	0.0	black	2.35e-08
NODE1003	65.0	73.2	black	2.898e-07
NODE1004	85.0	46.8	black	1.642e-06
GCA_001972385.1_ASM197238v1_genomic	NA	NA	grey	7.5216e-06
GCA_001972405.1_ASM197240v1_genomic	NA	NA	grey	8.5641e-06
GCA_001972465.1_ASM197246v1_genomic	NA	NA	grey	7.7348e-06
NODE1008	65.0	89.5	black	7.037e-07
GCA_002127355.1_ASM212735v1_genomic	NA	NA	grey	1.642e-06
GCA_002127365.1_ASM212736v1_genomic	NA	NA	grey	4.9538e-06
NODE1011	100.0	78.8	black	2.346e-07
NODE1012	90.0	0.0	black	2.35e-08
NODE1013	99.0	90.6	red	1.1729e-06
GCA_001972395.1_ASM197239v1_genomic	NA	NA	grey	4.9544e-06
GCA_002165475.1_ASM216547v1_genomic	NA	NA	grey	6.1384e-06
GCA_008630455.1_ASM863045v1_genomic	NA	NA	grey	4.691e-07
GCA_008630415.1_ASM863041v1_genomic	NA	NA	grey	2.346e-07
GCA_001294825.1_ASM129482v1_genomic	NA	NA	grey	2.35e-08
GCA_006376585.1_ASM637658v1_genomic	NA	NA	grey	2.35e-08
GCA_002127375.1_ASM212737v1_genomic	NA	NA	grey	2.346e-07
GCA_001601675.1_ASM160167v1_genomic	NA	NA	grey	8.3205e-06
NODE1022	100.0	100.0	red	2.43781e-05
GCA_000323485.1_ASM32348v1_genomic	NA	NA	grey	2.35e-08
GCA_000323845.1_ASM32384v1_genomic	NA	NA	grey	2.35e-08
NODE1025	99.0	85.7	red	3.4031e-06
NODE1026	100.0	98.2	red	3.6692e-06
NODE1027	100.0	87.2	red	7.2357e-06
NODE1028	100.0	99.6	red	2.237e-06
SAMEA104233048	NA	NA	grey	2.35e-08
SAMEA3541826	NA	NA	grey	1.9169e-06
SAMEA104233049	NA	NA	grey	6.6e-08
SAMEA104233047	NA	NA	grey	2.35e-08
SAMEA104233050	NA	NA	grey	7.368e-07
SAMEA104233046	NA	NA	grey	2.35e-08
SAMEA3541827	NA	NA	grey	3.4365e-06
